{"country": {"_id": {"$oid": "61a853fc9abb2b800db796a9"}, "name": "Austria", "code": "A", "capital": "Wien", "province": "Wien", "area": 83850, "population": 8499759}, "localname": "Republik \u00d6sterreich (die)", "othername": "", "_id": {"$oid": "61a86cd79694cd6282785519"}}
{"country": {"_id": {"$oid": "61a853fc9abb2b800db796e1"}, "name": "Afghanistan", "code": "AFG", "capital": "Kabul", "province": "Afghanistan", "area": 647500, "population": 26023100}, "localname": "\u062c\u064f\u0645\u0652\u0647\u064f\u0648\u0631\u0650\u0626 \u0625\u0650\u0633\u0652\u0644\u0627\u0645\u0650\u0626 \u0623\u064e\u0641\u0652\u063a\u064e\u0627\u0646\u0650\u0633\u0652\u062a\u064e\u0627\u0646", "othername": "", "_id": {"$oid": "61a86cd79694cd628278551a"}}
{"country": {"_id": {"$oid": "61a853fc9abb2b800db79772"}, "name": "Antigua and Barbuda", "code": "AG", "capital": "St. John''s", "province": "Antigua and Barbuda", "area": 442, "population": 81799}, "localname": "Antigua and Barbuda", "othername": "", "_id": {"$oid": "61a86cd79694cd628278551b"}}
{"country": {"_id": {"$oid": "61a853fc9abb2b800db79698"}, "name": "Albania", "code": "AL", "capital": "Tirana", "province": "Albania", "area": 28750, "population": 2821977}, "localname": "Shqip\u00ebri", "othername": "", "_id": {"$oid": "61a86cd79694cd628278551c"}}
{"country": {"_id": {"$oid": "61a853fc9abb2b800db7969f"}, "name": "Andorra", "code": "AND", "capital": "Andorra la Vella", "province": "Andorra", "area": 450, "population": 78115}, "localname": "Principat d''Andorra", "othername": "", "_id": {"$oid": "61a86cd79694cd628278551d"}}
{"country": {"_id": {"$oid": "61a853fc9abb2b800db796ce"}, "name": "Armenia", "code": "ARM", "capital": "Yerevan", "province": "Armenia", "area": 29800, "population": 3026879}, "localname": "\u0540\u0561\u0575\u0561\u057d\u057f\u0561\u0576\u056b \u0540\u0561\u0576\u0580\u0561\u057a\u0565\u057f\u0578\u0582\u0569\u0575\u0578\u0582\u0576", "othername": "", "_id": {"$oid": "61a86cd79694cd628278551e"}}
{"country": {"_id": {"$oid": "61a853fc9abb2b800db7977e"}, "name": "Aruba", "code": "ARU", "capital": "Oranjestad", "province": "Aruba", "area": 193, "population": 101484}, "localname": "Aruba", "othername": "", "_id": {"$oid": "61a86cd79694cd628278551f"}}
{"country": {"_id": {"$oid": "61a853fc9abb2b800db79705"}, "name": "Australia", "code": "AUS", "capital": "Canberra", "province": "Australia Capital Territory", "area": 7692024, "population": 23135281}, "localname": "Australia", "othername": "", "_id": {"$oid": "61a86cd79694cd6282785520"}}
{"country": {"_id": {"$oid": "61a853fc9abb2b800db796d0"}, "name": "Azerbaijan", "code": "AZ", "capital": "Baku", "province": "Azerbaijan", "area": 86600, "population": 9356500}, "localname": "Az\u01ddrbaycan Respublikas\u0131", "othername": "", "_id": {"$oid": "61a86cd79694cd6282785521"}}
{"country": {"_id": {"$oid": "61a853fc9abb2b800db796b1"}, "name": "Belgium", "code": "B", "capital": "Bruxelles", "province": "Bruxelles", "area": 30510, "population": 11099554}, "localname": "Koninkrijk Belgi\u00eb (het)", "othername": "", "_id": {"$oid": "61a86cd79694cd6282785522"}}
{"country": {"_id": {"$oid": "61a853fc9abb2b800db796ed"}, "name": "Bangladesh", "code": "BD", "capital": "Dhaka", "province": "Dhaka", "area": 144000, "population": 149772364}, "localname": "\u0997\u09a3\u09aa\u09cd\u09b0\u099c\u09be\u09a4\u09a8\u09cd\u09a4\u09cd\u09b0\u09c0 \u09ac\u09be\u0982\u09b2\u09be\u09a6\u09c7\u09b6", "othername": "", "_id": {"$oid": "61a86cd79694cd6282785523"}}
{"country": {"_id": {"$oid": "61a853fc9abb2b800db79778"}, "name": "Barbados", "code": "BDS", "capital": "Bridgetown", "province": "Barbados", "area": 430, "population": 277821}, "localname": "Barbados", "othername": "", "_id": {"$oid": "61a86cd79694cd6282785524"}}
{"country": {"_id": {"$oid": "61a853fc9abb2b800db7972e"}, "name": "Benin", "code": "BEN", "capital": "Porto-Novo", "province": "Benin", "area": 112620, "population": 9983884}, "localname": "la R\u00e9publique du B\u00e9nin", "othername": "", "_id": {"$oid": "61a86cd79694cd6282785525"}}
{"country": {"_id": {"$oid": "61a853fc9abb2b800db7972a"}, "name": "Burkina Faso", "code": "BF", "capital": "Ouagadougou", "province": "Burkina Faso", "area": 274200, "population": 17322796}, "localname": "le Burkina Faso", "othername": "", "_id": {"$oid": "61a86cd79694cd6282785526"}}
{"country": {"_id": {"$oid": "61a853fc9abb2b800db796b7"}, "name": "Bulgaria", "code": "BG", "capital": "Sofia", "province": "Bulgaria", "area": 110910, "population": 7351234}, "localname": "\u0420\u0435\u043f\u0443\u0431\u043b\u0438\u043a\u0430 \u0411\u044a\u043b\u0433\u0430\u0440\u0438\u044f", "othername": "", "_id": {"$oid": "61a86cd79694cd6282785527"}}
{"country": {"_id": {"$oid": "61a853fc9abb2b800db796ec"}, "name": "Bhutan", "code": "BHT", "capital": "Thimphu", "province": "Bhutan", "area": 47000, "population": 727145}, "localname": "\u0f60\u0f56\u0fb2\u0f74\u0f42\u0f0b\u0f43\u0f63\u0f0b\u0f41\u0f56", "othername": "", "_id": {"$oid": "61a86cd79694cd6282785528"}}
{"country": {"_id": {"$oid": "61a853fc9abb2b800db79745"}, "name": "Burundi", "code": "BI", "capital": "Gitega", "province": "Burundi", "area": 27830, "population": 8444784}, "localname": "la R\u00e9publique du Burundi", "othername": "", "_id": {"$oid": "61a86cd79694cd6282785529"}}
{"country": {"_id": {"$oid": "61a853fc9abb2b800db796b6"}, "name": "Bosnia and Herzegovina", "code": "BIH", "capital": "Sarajevo", "province": "Federacija Bosne i Hercegovine", "area": 51233, "population": 3791622}, "localname": "Bosna i Hercegovina", "othername": "", "_id": {"$oid": "61a86cd79694cd628278552a"}}
{"country": {"_id": {"$oid": "61a853fc9abb2b800db79786"}, "name": "Bolivia", "code": "BOL", "capital": "La Paz", "province": "La Paz", "area": 1098580, "population": 10027262}, "localname": "Estado Plurinacional de Bolivia (el)", "othername": "", "_id": {"$oid": "61a86cd79694cd628278552b"}}
{"country": {"_id": {"$oid": "61a853fc9abb2b800db796d9"}, "name": "Bahrain", "code": "BRN", "capital": "Al Man\u0101mah", "province": "Bahrain", "area": 620, "population": 1234571}, "localname": "\u0627\u0644\u0628\u062d\u0631\u064a\u0646", "othername": "", "_id": {"$oid": "61a86cd79694cd628278552c"}}
{"country": {"_id": {"$oid": "61a853fc9abb2b800db796fd"}, "name": "Brunei", "code": "BRU", "capital": "Bandar Seri Begawan", "province": "Brunei", "area": 5770, "population": 393372}, "localname": "Brunei Darussalam", "othername": "", "_id": {"$oid": "61a86cd79694cd628278552d"}}
{"country": {"_id": {"$oid": "61a853fc9abb2b800db79763"}, "name": "Bahamas", "code": "BS", "capital": "Nassau", "province": "Bahamas", "area": 13940, "population": 353658}, "localname": "the Commonwealth of the Bahamas", "othername": "", "_id": {"$oid": "61a86cd79694cd628278552e"}}
{"country": {"_id": {"$oid": "61a853fc9abb2b800db796ad"}, "name": "Belarus", "code": "BY", "capital": "Minsk", "province": "Minsk City", "area": 207600, "population": 9460692}, "localname": "\u0420\u044d\u0441\u043f\u0443\u0431\u043b\u0456\u043a\u0430 \u0411\u0435\u043b\u0430\u0440\u0443\u0441\u044c", "othername": "", "_id": {"$oid": "61a86cd79694cd628278552f"}}
{"country": {"_id": {"$oid": "61a853fc9abb2b800db79735"}, "name": "Cameroon", "code": "CAM", "capital": "Yaound\u00e9", "province": "Centre", "area": 475440, "population": 19406100}, "localname": "the Republic of Cameroon", "othername": "", "_id": {"$oid": "61a86cd79694cd6282785530"}}
{"country": {"_id": {"$oid": "61a853fc9abb2b800db79759"}, "name": "Canada", "code": "CDN", "capital": "Ottawa", "province": "Ontario", "area": 9976140, "population": 35151728}, "localname": "Canada", "othername": "", "_id": {"$oid": "61a86cd79694cd6282785531"}}
{"country": {"_id": {"$oid": "61a853fc9abb2b800db79739"}, "name": "Congo, Dem.Rep.", "code": "CGO", "capital": "Kinshasa", "province": "Kinshasa", "area": 2345410, "population": 86026000}, "localname": "la R\u00e9publique d\u00e9mocratique du Congo", "othername": "", "_id": {"$oid": "61a86cd79694cd6282785532"}}
{"country": {"_id": {"$oid": "61a853fc9abb2b800db7972b"}, "name": "Cote d''Ivoire", "code": "CI", "capital": "Yamoussoukro", "province": "Yamoussoukro", "area": 322460, "population": 22671331}, "localname": "la R\u00e9publique de C\u00f4te d''Ivoire", "othername": "", "_id": {"$oid": "61a86cd79694cd6282785533"}}
{"country": {"_id": {"$oid": "61a853fc9abb2b800db796ef"}, "name": "Sri Lanka", "code": "CL", "capital": "Sri Jayawardhanapura", "province": "Sri Lanka", "area": 65610, "population": 20263723}, "localname": "\u0dc1\u0dca\u200d\u0dbb\u0dd3 \u0dbd\u0d82\u0d9a\u0dcf \u0db4\u0dca\u200d\u0dbb\u0da2\u0dcf\u0dad\u0dcf\u0db1\u0dca\u0dad\u0dca\u200d\u0dbb\u0dd2\u0d9a \u0dc3\u0db8\u0dcf\u0da2\u0dc0\u0dcf\u0daf\u0dd3 \u0da2\u0db1\u0dbb\u0da2\u0dba", "othername": "", "_id": {"$oid": "61a86cd79694cd6282785534"}}
{"country": {"_id": {"$oid": "61a853fc9abb2b800db796f0"}, "name": "China", "code": "CN", "capital": "Beijing", "province": "Beijing", "area": 9596960, "population": 1427647786}, "localname": "\u4e2d\u570b", "othername": "", "_id": {"$oid": "61a86cd79694cd6282785535"}}
{"country": {"_id": {"$oid": "61a853fc9abb2b800db79783"}, "name": "Colombia", "code": "CO", "capital": "Bogot\u00e1", "province": "Santa Fe de Bogot\u00e1", "area": 1138910, "population": 47661787}, "localname": "la Rep\u00fablica de Colombia", "othername": "", "_id": {"$oid": "61a86cd79694cd6282785536"}}
{"country": {"_id": {"$oid": "61a853fc9abb2b800db79750"}, "name": "Comoros", "code": "COM", "capital": "Moroni", "province": "Comoros", "area": 2170, "population": 683081}, "localname": "\u0627\u062a\u062d\u0627\u062f \u062c\u0632\u0631 \u0627\u0644\u0642\u0645\u0631", "othername": "", "_id": {"$oid": "61a86cd79694cd6282785537"}}
{"country": {"_id": {"$oid": "61a853fc9abb2b800db79719"}, "name": "Cook Islands", "code": "COOK", "capital": "Avarua", "province": "Cook Islands", "area": 240, "population": 17459}, "localname": "Cook Islands", "othername": "", "_id": {"$oid": "61a86cd79694cd6282785538"}}
{"country": {"_id": {"$oid": "61a853fc9abb2b800db79761"}, "name": "Costa Rica", "code": "CR", "capital": "San Jos\u00e9", "province": "San Jos\u00e9", "area": 51100, "population": 4773119}, "localname": "la Rep\u00fablica de Costa Rica", "othername": "", "_id": {"$oid": "61a86cd79694cd6282785539"}}
{"country": {"_id": {"$oid": "61a853fc9abb2b800db7977d"}, "name": "Curacao", "code": "CUR", "capital": "Willemstad", "province": "Curacao", "area": 444, "population": 150563}, "localname": "Land Cura\u00e7ao", "othername": "", "_id": {"$oid": "61a86cd79694cd628278553a"}}
{"country": {"_id": {"$oid": "61a853fc9abb2b800db7974d"}, "name": "Cape Verde", "code": "CV", "capital": "Praia", "province": "Cape Verde", "area": 4033, "population": 491875}, "localname": "Rep\u00fablica de Cabo Verde (a)", "othername": "", "_id": {"$oid": "61a86cd79694cd628278553b"}}
{"country": {"_id": {"$oid": "61a853fc9abb2b800db7969a"}, "name": "Cyprus", "code": "CY", "capital": "Lefkosia", "province": "Cyprus", "area": 9251, "population": 1133803}, "localname": "\u039a\u03c5\u03c0\u03c1\u03b9\u03b1\u03ba\u03ae \u0394\u03b7\u03bc\u03bf\u03ba\u03c1\u03b1\u03c4\u03af\u03b1", "othername": "", "_id": {"$oid": "61a86cd79694cd628278553c"}}
{"country": {"_id": {"$oid": "61a853fc9abb2b800db796a2"}, "name": "Czech Republic", "code": "CZ", "capital": "Praha", "province": "Praha", "area": 78703, "population": 10562214}, "localname": "\u010cesko", "othername": "Czechia", "_id": {"$oid": "61a86cd79694cd628278553d"}}
{"country": {"_id": {"$oid": "61a853fc9abb2b800db796a4"}, "name": "Germany", "code": "D", "capital": "Berlin", "province": "Berlin", "area": 356910, "population": 82521653}, "localname": "Bundesrepublik Deutschland (die)", "othername": "", "_id": {"$oid": "61a86cd79694cd628278553e"}}
{"country": {"_id": {"$oid": "61a853fc9abb2b800db7974a"}, "name": "Djibouti", "code": "DJI", "capital": "Djibouti", "province": "Djibouti", "area": 22000, "population": 834036}, "localname": "\u062c\u0645\u0647\u0648\u0631\u064a\u0629 \u062c\u064a\u0628\u0648\u062a\u064a", "othername": "", "_id": {"$oid": "61a86cd79694cd628278553f"}}
{"country": {"_id": {"$oid": "61a853fc9abb2b800db796b9"}, "name": "Denmark", "code": "DK", "capital": "Copenhagen", "province": "Hovedstaden", "area": 43070, "population": 5678348}, "localname": "Kongeriget Danmark", "othername": "", "_id": {"$oid": "61a86cd79694cd6282785540"}}
{"country": {"_id": {"$oid": "61a853fc9abb2b800db7971f"}, "name": "Algeria", "code": "DZ", "capital": "Algiers", "province": "Algeria", "area": 2381740, "population": 37062820}, "localname": "\u0627\u0644\u062c\u0632\u0627\u0626\u0631", "othername": "", "_id": {"$oid": "61a86cd79694cd6282785541"}}
{"country": {"_id": {"$oid": "61a853fc9abb2b800db796a1"}, "name": "Spain", "code": "E", "capital": "Madrid", "province": "Madrid", "area": 504750, "population": 46815916}, "localname": "el Reino de Espa\u00f1a", "othername": "", "_id": {"$oid": "61a86cd79694cd6282785542"}}
{"country": {"_id": {"$oid": "61a853fc9abb2b800db79748"}, "name": "Kenya", "code": "EAK", "capital": "Nairobi", "province": "Kenya", "area": 582650, "population": 40909194}, "localname": "the Republic of Kenya", "othername": "", "_id": {"$oid": "61a86cd79694cd6282785543"}}
{"country": {"_id": {"$oid": "61a853fc9abb2b800db79744"}, "name": "Tanzania", "code": "EAT", "capital": "Dodoma", "province": "Dodoma", "area": 945090, "population": 44928923}, "localname": "Jamhuri ya Muungano wa Tanzania", "othername": "", "_id": {"$oid": "61a86cd79694cd6282785544"}}
{"country": {"_id": {"$oid": "61a853fc9abb2b800db7974c"}, "name": "Eritrea", "code": "ER", "capital": "Asmara", "province": "Eritrea", "area": 121320, "population": 5741159}, "localname": "\u0625\u0631\u064a\u062a\u0631\u064a\u0627", "othername": "", "_id": {"$oid": "61a86cd79694cd6282785545"}}
{"country": {"_id": {"$oid": "61a853fc9abb2b800db7975e"}, "name": "El Salvador", "code": "ES", "capital": "San Salvador", "province": "El Salvador", "area": 21040, "population": 6290420}, "localname": "la Rep\u00fablica de El Salvador", "othername": "", "_id": {"$oid": "61a86cd79694cd6282785546"}}
{"country": {"_id": {"$oid": "61a853fc9abb2b800db796aa"}, "name": "Estonia", "code": "EST", "capital": "Tallinn", "province": "Estonia", "area": 45100, "population": 1294455}, "localname": "Eesti Vabariik", "othername": "", "_id": {"$oid": "61a86cd79694cd6282785547"}}
{"country": {"_id": {"$oid": "61a853fc9abb2b800db7971c"}, "name": "Egypt", "code": "ET", "capital": "Al Qahirah", "province": "Egypt", "area": 1001450, "population": 94798827}, "localname": "\u062c\u0645\u0647\u0648\u0631\u064a\u0629 \u0645\u0635\u0631 \u0627\u0644\u0639\u0631\u0628\u064a\u0629", "othername": "", "_id": {"$oid": "61a86cd79694cd6282785548"}}
{"country": {"_id": {"$oid": "61a853fc9abb2b800db7974b"}, "name": "Ethiopia", "code": "ETH", "capital": "Addis Ababa", "province": "Addis Ababa", "area": 1127127, "population": 84320987}, "localname": "\u12e8\u12a2\u1275\u12ee\u1335\u12eb \u1348\u12f0\u122b\u120b\u12ca \u12f2\u121e\u12ad\u122b\u1232\u12eb\u12ca \u122a\u1350\u1265\u120a\u12ad", "othername": "", "_id": {"$oid": "61a86cd79694cd6282785549"}}
{"country": {"_id": {"$oid": "61a853fc9abb2b800db796a0"}, "name": "France", "code": "F", "capital": "Paris", "province": "\u00cele-de-France", "area": 547030, "population": 64300821}, "localname": "la R\u00e9publique fran\u00e7aise", "othername": "", "_id": {"$oid": "61a86cd79694cd628278554a"}}
{"country": {"_id": {"$oid": "61a853fc9abb2b800db79716"}, "name": "Fiji", "code": "FJI", "capital": "Suva", "province": "Fiji", "area": 18270, "population": 884887}, "localname": "the Republic of the Fiji Islands", "othername": "", "_id": {"$oid": "61a86cd79694cd628278554b"}}
{"country": {"_id": {"$oid": "61a853fc9abb2b800db796a8"}, "name": "Liechtenstein", "code": "FL", "capital": "Vaduz", "province": "Liechtenstein", "area": 160, "population": 36149}, "localname": "F\u00fcrstentum Liechtenstein (das)", "othername": "", "_id": {"$oid": "61a86cd79694cd628278554c"}}
{"country": {"_id": {"$oid": "61a853fc9abb2b800db796bb"}, "name": "Faroe Islands", "code": "FO", "capital": "T\u00f3rshavn", "province": "Faroe Islands", "area": 1400, "population": 48346}, "localname": "F\u00f8royar", "othername": "", "_id": {"$oid": "61a86cd79694cd628278554d"}}
{"country": {"_id": {"$oid": "61a853fc9abb2b800db7971a"}, "name": "French Polynesia", "code": "FPOL", "capital": "Papeete", "province": "French Polynesia", "area": 4167, "population": 275918}, "localname": "P\u014dr\u012bnetia Far\u0101ni", "othername": "", "_id": {"$oid": "61a86cd79694cd628278554e"}}
{"country": {"_id": {"$oid": "61a853fc9abb2b800db7970d"}, "name": "Micronesia", "code": "FSM", "capital": "Palikir", "province": "Micronesia", "area": 702, "population": 102843}, "localname": "the Federated States of Micronesia", "othername": "", "_id": {"$oid": "61a86cd79694cd628278554f"}}
{"country": {"_id": {"$oid": "61a853fc9abb2b800db79737"}, "name": "Gabon", "code": "G", "capital": "Libreville", "province": "Gabon", "area": 267670, "population": 1811079}, "localname": "la R\u00e9publique Gabonaise", "othername": "", "_id": {"$oid": "61a86cd79694cd6282785550"}}
{"country": {"_id": {"$oid": "61a853fc9abb2b800db796d4"}, "name": "Gaza Strip", "code": "GAZA", "capital": "", "province": "", "area": 365, "population": 1899291}, "localname": "\u0642\u0637\u0627\u0639 \u063a\u0632\u0651\u0629", "othername": "", "_id": {"$oid": "61a86cd79694cd6282785551"}}
{"country": {"_id": {"$oid": "61a853fc9abb2b800db796ca"}, "name": "United Kingdom", "code": "GB", "capital": "London", "province": "London", "area": 244820, "population": 64105654}, "localname": "the United Kingdom of Great Britain and Northern Ireland", "othername": "", "_id": {"$oid": "61a86cd79694cd6282785552"}}
{"country": {"_id": {"$oid": "61a853fc9abb2b800db796cc"}, "name": "Guernsey", "code": "GBG", "capital": "Saint Peter Port", "province": "Guernsey", "area": 194, "population": 64540}, "localname": "the Bailiwick of Guernsey", "othername": "", "_id": {"$oid": "61a86cd79694cd6282785553"}}
{"country": {"_id": {"$oid": "61a853fc9abb2b800db796cd"}, "name": "Jersey", "code": "GBJ", "capital": "Saint Helier", "province": "Jersey", "area": 117, "population": 97857}, "localname": "the Bailiwick of Jersey", "othername": "", "_id": {"$oid": "61a86cd79694cd6282785554"}}
{"country": {"_id": {"$oid": "61a853fc9abb2b800db796c6"}, "name": "Isle of Man", "code": "GBM", "capital": "Douglas", "province": "Isle of Man", "area": 588, "population": 84497}, "localname": "the Isle of Man", "othername": "", "_id": {"$oid": "61a86cd79694cd6282785555"}}
{"country": {"_id": {"$oid": "61a853fc9abb2b800db7975d"}, "name": "Guatemala", "code": "GCA", "capital": "Ciudad de Guatemala", "province": "Guatemala", "area": 108890, "population": 15073375}, "localname": "Rep\u00fablica de Guatemala (la)", "othername": "", "_id": {"$oid": "61a86cd79694cd6282785556"}}
{"country": {"_id": {"$oid": "61a853fc9abb2b800db796cf"}, "name": "Georgia", "code": "GE", "capital": "Tbilisi", "province": "Georgia", "area": 69700, "population": 4010000}, "localname": "\u10e1\u10d0\u10e5\u10d0\u10e0\u10d7\u10d5\u10d4\u10da\u10dd", "othername": "", "_id": {"$oid": "61a86cd79694cd6282785557"}}
{"country": {"_id": {"$oid": "61a853fc9abb2b800db7972c"}, "name": "Ghana", "code": "GH", "capital": "Accra", "province": "Greater Accra", "area": 238540, "population": 24658823}, "localname": "the Republic of Ghana", "othername": "", "_id": {"$oid": "61a86cd79694cd6282785558"}}
{"country": {"_id": {"$oid": "61a853fc9abb2b800db79756"}, "name": "Greenland", "code": "GL", "capital": "Nuuk", "province": "Greenland", "area": 2175600, "population": 56370}, "localname": "Kalaallit Nunaat", "othername": "", "_id": {"$oid": "61a86cd79694cd6282785559"}}
{"country": {"_id": {"$oid": "61a853fc9abb2b800db79736"}, "name": "Equatorial Guinea", "code": "GQ", "capital": "Malabo", "province": "Insular", "area": 28050, "population": 1222442}, "localname": "la R\u00e9publique de Guin\u00e9e \u00e9quatoriale", "othername": "", "_id": {"$oid": "61a86cd79694cd628278555a"}}
{"country": {"_id": {"$oid": "61a853fc9abb2b800db79699"}, "name": "Greece", "code": "GR", "capital": "Athina", "province": "Attikis", "area": 131940, "population": 10816286}, "localname": "\u0395\u03bb\u03bb\u03b7\u03bd\u03b9\u03ba\u03ae \u0394\u03b7\u03bc\u03bf\u03ba\u03c1\u03b1\u03c4\u03af\u03b1", "othername": "", "_id": {"$oid": "61a86cd79694cd628278555b"}}
{"country": {"_id": {"$oid": "61a853fc9abb2b800db79726"}, "name": "Guinea-Bissau", "code": "GUB", "capital": "Bissau", "province": "Guinea-Bissau", "area": 36120, "population": 1586624}, "localname": "Rep\u00fablica da Guin\u00e9-Bissau (a)", "othername": "", "_id": {"$oid": "61a86cd79694cd628278555c"}}
{"country": {"_id": {"$oid": "61a853fc9abb2b800db79780"}, "name": "Guyana", "code": "GUY", "capital": "Georgetown", "province": "Guyana", "area": 214970, "population": 747884}, "localname": "the Republic of Guyana", "othername": "", "_id": {"$oid": "61a86cd79694cd628278555d"}}
{"country": {"_id": {"$oid": "61a853fc9abb2b800db796a5"}, "name": "Hungary", "code": "H", "capital": "Budapest", "province": "Budapest", "area": 93030, "population": 9937628}, "localname": "Magyar K\u00f6zt\u00e1rsas\u00e1g (a)", "othername": "", "_id": {"$oid": "61a86cd79694cd628278555e"}}
{"country": {"_id": {"$oid": "61a853fc9abb2b800db796f2"}, "name": "Hong Kong", "code": "HK", "capital": "Hong Kong", "province": "Hong Kong", "area": 1092, "population": 7336585}, "localname": "\u9999\u6e2f", "othername": "", "_id": {"$oid": "61a86cd79694cd628278555f"}}
{"country": {"_id": {"$oid": "61a853fc9abb2b800db7975f"}, "name": "Honduras", "code": "HN", "capital": "Tegucigalpa", "province": "Francisco Moraz\u00e1n", "area": 112090, "population": 8045990}, "localname": "la Rep\u00fablica de Honduras", "othername": "", "_id": {"$oid": "61a86cd79694cd6282785560"}}
{"country": {"_id": {"$oid": "61a853fc9abb2b800db796b5"}, "name": "Croatia", "code": "HR", "capital": "Zagreb", "province": "Croatia", "area": 56538, "population": 4290612}, "localname": "Republika Hrvatska", "othername": "", "_id": {"$oid": "61a86cd79694cd6282785561"}}
{"country": {"_id": {"$oid": "61a853fc9abb2b800db796a6"}, "name": "Italy", "code": "I", "capital": "Roma", "province": "Lazio", "area": 301230, "population": 59433744}, "localname": "Repubblica Italiana (la)", "othername": "", "_id": {"$oid": "61a86cd79694cd6282785562"}}
{"country": {"_id": {"$oid": "61a853fc9abb2b800db796d5"}, "name": "Israel", "code": "IL", "capital": "Yerushalayim", "province": "Yerushalayim", "area": 22072, "population": 7420368}, "localname": "\u062f\u0648\u0644\u0629 \u0625\u0633\u0631\u0627\u0626\u064a\u0644", "othername": "", "_id": {"$oid": "61a86cd79694cd6282785563"}}
{"country": {"_id": {"$oid": "61a853fc9abb2b800db796ea"}, "name": "India", "code": "IND", "capital": "Delhi", "province": "Delhi", "area": 3287590, "population": 1210854977}, "localname": "the Republic of India", "othername": "", "_id": {"$oid": "61a86cd79694cd6282785564"}}
{"country": {"_id": {"$oid": "61a853fc9abb2b800db796e0"}, "name": "Iran", "code": "IR", "capital": "Tehran", "province": "Tehran", "area": 1648000, "population": 79926270}, "localname": "\u062c\u064f\u0645\u0652\u0647\u064f\u0648\u0631\u0650\u0626 \u0625\u0650\u0633\u0652\u0644\u0627\u0645\u0650\u0626 \u0625\u0650\u064a\u0631\u064e\u0627\u0646", "othername": "", "_id": {"$oid": "61a86cd79694cd6282785565"}}
{"country": {"_id": {"$oid": "61a853fc9abb2b800db796bc"}, "name": "Ireland", "code": "IRL", "capital": "Dublin", "province": "Ireland", "area": 70280, "population": 4588252}, "localname": "Ireland", "othername": "", "_id": {"$oid": "61a86cd79694cd6282785566"}}
{"country": {"_id": {"$oid": "61a853fc9abb2b800db796df"}, "name": "Iraq", "code": "IRQ", "capital": "Baghdad", "province": "Baghdad", "area": 437072, "population": 33330512}, "localname": "\u062c\u0645\u0647\u0648\u0631\u064a\u0629 \u0627\u0644\u0639\u0631\u0627\u0642", "othername": "", "_id": {"$oid": "61a86cd79694cd6282785567"}}
{"country": {"_id": {"$oid": "61a853fc9abb2b800db796ba"}, "name": "Iceland", "code": "IS", "capital": "Reykjavik", "province": "Iceland", "area": 103000, "population": 332529}, "localname": "L\u00fd\u00f0veldi\u00f0 \u00cdsland", "othername": "", "_id": {"$oid": "61a86cd79694cd6282785568"}}
{"country": {"_id": {"$oid": "61a853fc9abb2b800db796f6"}, "name": "Japan", "code": "J", "capital": "Tokyo", "province": "Tokyo", "area": 377835, "population": 127094745}, "localname": "\u65e5\u672c", "othername": "", "_id": {"$oid": "61a86cd79694cd6282785569"}}
{"country": {"_id": {"$oid": "61a853fc9abb2b800db79767"}, "name": "Jamaica", "code": "JA", "capital": "Kingston", "province": "Jamaica", "area": 10991, "population": 2697983}, "localname": "Jamaica", "othername": "", "_id": {"$oid": "61a86cd79694cd628278556a"}}
{"country": {"_id": {"$oid": "61a853fc9abb2b800db796d7"}, "name": "Jordan", "code": "JOR", "capital": "Amman", "province": "Jordan", "area": 89213, "population": 9131712}, "localname": "\u0627\u0644\u0645\u0645\u0644\u0643\u0629 \u0627\u0644\u0623\u0631\u062f\u0646\u064a\u0629 \u0627\u0644\u0647\u0627\u0634\u0645\u064a\u0629", "othername": "", "_id": {"$oid": "61a86cd79694cd628278556b"}}
{"country": {"_id": {"$oid": "61a853fc9abb2b800db796f9"}, "name": "Cambodia", "code": "K", "capital": "Phnom Penh", "province": "Cambodia", "area": 181040, "population": 15288489}, "localname": "\u1796\u17d2\u179a\u17c7\u179a\u17b6\u1787\u17b6\u178e\u17b6\u1785\u1780\u17d2\u179a \u1780\u1798\u17d2\u1796\u17bb\u1787\u17b6", "othername": "", "_id": {"$oid": "61a86cd79694cd628278556c"}}
{"country": {"_id": {"$oid": "61a853fc9abb2b800db796e5"}, "name": "Kyrgyzstan", "code": "KG", "capital": "Bishkek", "province": "Kyrgyzstan", "area": 198500, "population": 6256700}, "localname": "\u041a\u044b\u0440\u0433\u044b\u0437 \u0420\u0435\u0441\u043f\u0443\u0431\u043b\u0438\u043a\u0430\u0441\u044b", "othername": "", "_id": {"$oid": "61a86cd79694cd628278556d"}}
{"country": {"_id": {"$oid": "61a853fc9abb2b800db79710"}, "name": "Kiribati", "code": "KIR", "capital": "Tarawa", "province": "Kiribati", "area": 717, "population": 110136}, "localname": "the Republic of Kiribati", "othername": "", "_id": {"$oid": "61a86cd79694cd628278556e"}}
{"country": {"_id": {"$oid": "61a853fc9abb2b800db79771"}, "name": "Saint Kitts and Nevis", "code": "KN", "capital": "Basseterre", "province": "Saint Kitts and Nevis", "area": 269, "population": 46398}, "localname": "Saint Kitts and Nevis", "othername": "", "_id": {"$oid": "61a86cd79694cd628278556f"}}
{"country": {"_id": {"$oid": "61a853fc9abb2b800db7969e"}, "name": "Kosovo", "code": "KOS", "capital": "Prishtine", "province": "Kosovo", "area": 10887, "population": 1733872}, "localname": "Republika e Kosov\u00ebs", "othername": "", "_id": {"$oid": "61a86cd79694cd6282785570"}}
{"country": {"_id": {"$oid": "61a853fc9abb2b800db796f4"}, "name": "North Korea", "code": "KP", "capital": "Pyongyang", "province": "North Korea", "area": 120540, "population": 24500520}, "localname": "\uc870\uc120 \ubbfc\uc8fc\uc8fc\uc758 \uc778\ubbfc \uacf5\ud654\uad6d", "othername": "", "_id": {"$oid": "61a86cd79694cd6282785571"}}
{"country": {"_id": {"$oid": "61a853fc9abb2b800db796de"}, "name": "Kuwait", "code": "KWT", "capital": "Al Kuwayt", "province": "Kuwait", "area": 17820, "population": 2991580}, "localname": "\u062f\u0648\u0644\u0629 \u0627\u0644\u0643\u0648\u064a\u062a", "othername": "", "_id": {"$oid": "61a86cd79694cd6282785572"}}
{"country": {"_id": {"$oid": "61a853fc9abb2b800db796e6"}, "name": "Kazakhstan", "code": "KZ", "capital": "Nur-Sultan", "province": "Astana", "area": 2717300, "population": 17165239}, "localname": "\u049a\u0430\u0437\u0430\u049b\u0441\u0442\u0430\u043d \u0420\u0435\u0441\u043f\u0443\u0431\u043b\u0438\u043a\u0430\u0441\u044b", "othername": "", "_id": {"$oid": "61a86cd79694cd6282785573"}}
{"country": {"_id": {"$oid": "61a853fc9abb2b800db796b2"}, "name": "Luxembourg", "code": "L", "capital": "Luxembourg", "province": "Luxembourg", "area": 2586, "population": 524853}, "localname": "le Grand-Duch\u00e9 de Luxembourg", "othername": "", "_id": {"$oid": "61a86cd79694cd6282785574"}}
{"country": {"_id": {"$oid": "61a853fc9abb2b800db796fa"}, "name": "Laos", "code": "LAO", "capital": "Vientiane", "province": "Laos", "area": 236800, "population": 6514432}, "localname": "\u0eaa\u0eb2\u0e97\u0eb2\u0ea5\u0eb0\u0e99\u0eb0\u0ea5\u0eb1\u0e94\u0e9b\u0eb0\u0e8a\u0eb2\u0e97\u0eb4\u0e9b\u0eb0\u0ec4\u0e95\u0e9b\u0eb0\u0e8a\u0eb2\u0e8a\u0ebb\u0e99\u0ea5\u0eb2\u0ea7", "othername": "", "_id": {"$oid": "61a86cd79694cd6282785575"}}
{"country": {"_id": {"$oid": "61a853fc9abb2b800db7971d"}, "name": "Libya", "code": "LAR", "capital": "Tripoli", "province": "Libya", "area": 1759540, "population": 6040612}, "localname": "\u0644\u0650\u064a\u0628\u0650\u064a\u064e\u0627", "othername": "", "_id": {"$oid": "61a86cd79694cd6282785576"}}
{"country": {"_id": {"$oid": "61a853fc9abb2b800db79729"}, "name": "Liberia", "code": "LB", "capital": "Monrovia", "province": "Liberia", "area": 111370, "population": 3957990}, "localname": "the Republic of Liberia", "othername": "", "_id": {"$oid": "61a86cd79694cd6282785577"}}
{"country": {"_id": {"$oid": "61a853fc9abb2b800db7973e"}, "name": "Lesotho", "code": "LS", "capital": "Maseru", "province": "Lesotho", "area": 30350, "population": 2007201}, "localname": "the Kingdom of Lesotho", "othername": "", "_id": {"$oid": "61a86cd79694cd6282785578"}}
{"country": {"_id": {"$oid": "61a853fc9abb2b800db796ac"}, "name": "Lithuania", "code": "LT", "capital": "Vilnius", "province": "Lithuania", "area": 65200, "population": 2979310}, "localname": "Lietuvos Respublika", "othername": "", "_id": {"$oid": "61a86cd79694cd6282785579"}}
{"country": {"_id": {"$oid": "61a853fc9abb2b800db796ab"}, "name": "Latvia", "code": "LV", "capital": "R\u012bga", "province": "Latvia", "area": 64100, "population": 2201196}, "localname": "Latvijas Republika", "othername": "", "_id": {"$oid": "61a86cd79694cd628278557a"}}
{"country": {"_id": {"$oid": "61a853fc9abb2b800db796c5"}, "name": "Malta", "code": "M", "capital": "Valletta", "province": "Malta", "area": 316, "population": 475800}, "localname": "the Republic of Malta", "othername": "", "_id": {"$oid": "61a86cd79694cd628278557b"}}
{"country": {"_id": {"$oid": "61a853fc9abb2b800db79720"}, "name": "Morocco", "code": "MA", "capital": "Rabat", "province": "Rabat Sale Zemmour Zaer", "area": 446550, "population": 33337529}, "localname": "\u0627\u0644\u0645\u0645\u0644\u0643\u0629 \u0627\u0644\u0645\u063a\u0631\u0628\u064a\u0629", "othername": "", "_id": {"$oid": "61a86cd79694cd628278557c"}}
{"country": {"_id": {"$oid": "61a853fc9abb2b800db796f3"}, "name": "Macao", "code": "MACX", "capital": "Macao", "province": "Macao", "area": 16, "population": 650834}, "localname": "\u6fb3\u9580", "othername": "", "_id": {"$oid": "61a86cd79694cd628278557d"}}
{"country": {"_id": {"$oid": "61a853fc9abb2b800db796fc"}, "name": "Malaysia", "code": "MAL", "capital": "Kuala Lumpur", "province": "Kuala Lumpur", "area": 329750, "population": 27565821}, "localname": "Malaysia", "othername": "", "_id": {"$oid": "61a86cd79694cd628278557e"}}
{"country": {"_id": {"$oid": "61a853fc9abb2b800db796c0"}, "name": "Monaco", "code": "MC", "capital": "Monaco", "province": "Monaco", "area": 1.9, "population": 36845}, "localname": "la Principaut\u00e9 de Monaco", "othername": "", "_id": {"$oid": "61a86cd79694cd628278557f"}}
{"country": {"_id": {"$oid": "61a853fc9abb2b800db796c7"}, "name": "Moldova", "code": "MD", "capital": "Chi\u015fin\u0103u", "province": "Moldova", "area": 33700, "population": 3473900}, "localname": "Republica Moldova", "othername": "", "_id": {"$oid": "61a86cd79694cd6282785580"}}
{"country": {"_id": {"$oid": "61a853fc9abb2b800db7970e"}, "name": "Marshall Islands", "code": "MH", "capital": "Majuro", "province": "Marshall Islands", "area": 181.3, "population": 53158}, "localname": "The Republic of the Marshall Islands", "othername": "", "_id": {"$oid": "61a86cd79694cd6282785581"}}
{"country": {"_id": {"$oid": "61a853fc9abb2b800db7969b"}, "name": "North Macedonia", "code": "MK", "capital": "Skopje", "province": "North Macedonia", "area": 25333, "population": 2059794}, "localname": "\u0420\u0435\u043f\u0443\u0431\u043b\u0438\u043a\u0430 C\u0435\u0432\u0435\u0440\u043d\u0430 \u041c\u0430\u043a\u0435\u0434\u043e\u043d\u0438\u0458\u0430", "othername": "", "_id": {"$oid": "61a86cd79694cd6282785582"}}
{"country": {"_id": {"$oid": "61a853fc9abb2b800db7969d"}, "name": "Montenegro", "code": "MNE", "capital": "Podgorica", "province": "Montenegro", "area": 14026, "population": 620029}, "localname": "\u0426\u0440\u043d\u0430 \u0413\u043e\u0440\u0430", "othername": "", "_id": {"$oid": "61a86cd79694cd6282785583"}}
{"country": {"_id": {"$oid": "61a853fc9abb2b800db796e7"}, "name": "Mongolia", "code": "MNG", "capital": "Ulaanbaatar", "province": "Mongolia", "area": 1565000, "population": 2754685}, "localname": "\u041c\u043e\u043d\u0433\u043e\u043b \u0443\u043b\u0441", "othername": "", "_id": {"$oid": "61a86cd79694cd6282785584"}}
{"country": {"_id": {"$oid": "61a853fc9abb2b800db79740"}, "name": "Mozambique", "code": "MOC", "capital": "Maputo", "province": "Cidade de Maputo", "area": 801590, "population": 23700715}, "localname": "Rep\u00fablica de Mo\u00e7ambique (a)", "othername": "", "_id": {"$oid": "61a86cd79694cd6282785585"}}
{"country": {"_id": {"$oid": "61a853fc9abb2b800db79753"}, "name": "Mauritius", "code": "MS", "capital": "Port Louis", "province": "Mauritius", "area": 2040, "population": 1237091}, "localname": "The Republic of Mauritius", "othername": "", "_id": {"$oid": "61a86cd79694cd6282785586"}}
{"country": {"_id": {"$oid": "61a853fc9abb2b800db796e8"}, "name": "Maldives", "code": "MV", "capital": "Male", "province": "Maldives", "area": 300, "population": 402071}, "localname": "\u078b\u07a8\u0788\u07ac\u0780\u07a8\u0783\u07a7\u0787\u07b0\u0796\u07ad\u078e\u07ac \u0796\u07aa\u0789\u07aa\u0780\u07ab\u0783\u07a8\u0787\u07b0\u0794\u07a7", "othername": "", "_id": {"$oid": "61a86cd79694cd6282785587"}}
{"country": {"_id": {"$oid": "61a853fc9abb2b800db79743"}, "name": "Malawi", "code": "MW", "capital": "Lilongwe", "province": "Malawi", "area": 118480, "population": 17563749}, "localname": "Dziko la Mala\u0175i", "othername": "", "_id": {"$oid": "61a86cd79694cd6282785588"}}
{"country": {"_id": {"$oid": "61a853fc9abb2b800db796ee"}, "name": "Myanmar", "code": "MYA", "capital": "Nay Pyi Taw", "province": "Nay Pyi Taw", "area": 678500, "population": 51419420}, "localname": "\u1015\u103c\u100a\u103a\u1011\u1031\u102c\u1004\u103a\u1005\u102f \u101e\u1019\u1039\u1019\u1010 \u1019\u103c\u1014\u103a\u1019\u102c\u1014\u102d\u102f\u1004\u103a\u1004\u1036\u1010\u1031\u102c\u103a", "othername": "Burma", "_id": {"$oid": "61a86cd79694cd6282785589"}}
{"country": {"_id": {"$oid": "61a853fc9abb2b800db796be"}, "name": "Norway", "code": "N", "capital": "Oslo", "province": "Oslo", "area": 324220, "population": 5051275}, "localname": "Norge", "othername": "", "_id": {"$oid": "61a86cd79694cd628278558a"}}
{"country": {"_id": {"$oid": "61a853fc9abb2b800db7973b"}, "name": "Namibia", "code": "NAM", "capital": "Windhoek", "province": "Namibia", "area": 825418, "population": 2113077}, "localname": "the Republic of Namibia", "othername": "", "_id": {"$oid": "61a86cd79694cd628278558b"}}
{"country": {"_id": {"$oid": "61a853fc9abb2b800db7970f"}, "name": "Nauru", "code": "NAU", "capital": "Yaren", "province": "Nauru", "area": 21, "population": 10025}, "localname": "the Republic of Nauru", "othername": "", "_id": {"$oid": "61a86cd79694cd628278558c"}}
{"country": {"_id": {"$oid": "61a853fc9abb2b800db796eb"}, "name": "Nepal", "code": "NEP", "capital": "Kathmandu", "province": "Nepal", "area": 140800, "population": 26494504}, "localname": "\u0938\u0902\u0918\u0940\u092f \u0932\u094b\u0915\u0924\u093e\u0928\u094d\u0924\u094d\u0930\u093f\u0915 \u0917\u0923\u0924\u0928\u094d\u0924\u094d\u0930 \u0928\u0947\u092a\u093e\u0932", "othername": "", "_id": {"$oid": "61a86cd79694cd628278558d"}}
{"country": {"_id": {"$oid": "61a853fc9abb2b800db7972f"}, "name": "Nigeria", "code": "NGR", "capital": "Abuja", "province": "Abuja", "area": 923770, "population": 193392500}, "localname": "the Federal Republic of Nigeria", "othername": "", "_id": {"$oid": "61a86cd79694cd628278558e"}}
{"country": {"_id": {"$oid": "61a853fc9abb2b800db79760"}, "name": "Nicaragua", "code": "NIC", "capital": "Managua", "province": "Nicaragua", "area": 129494, "population": 6327927}, "localname": "la Rep\u00fablica de Nicaragua", "othername": "", "_id": {"$oid": "61a86cd79694cd628278558f"}}
{"country": {"_id": {"$oid": "61a853fc9abb2b800db79718"}, "name": "Niue", "code": "NIUE", "capital": "Alofi", "province": "Niue", "area": 260, "population": 1611}, "localname": "Niu\u0113", "othername": "", "_id": {"$oid": "61a86cd79694cd6282785590"}}
{"country": {"_id": {"$oid": "61a853fc9abb2b800db796b3"}, "name": "Netherlands", "code": "NL", "capital": "Amsterdam", "province": "Noord-Holland", "area": 37330, "population": 16843181}, "localname": "Koninkrijk der Nederlanden (het)", "othername": "", "_id": {"$oid": "61a86cd79694cd6282785591"}}
{"country": {"_id": {"$oid": "61a853fc9abb2b800db7970b"}, "name": "Northern Mariana Islands", "code": "NMIS", "capital": "Saipan", "province": "Northern Mariana Islands", "area": 477, "population": 53883}, "localname": "Sankattan Siha Na Islas Mari\u00e5nas", "othername": "", "_id": {"$oid": "61a86cd79694cd6282785592"}}
{"country": {"_id": {"$oid": "61a853fc9abb2b800db79709"}, "name": "New Zealand", "code": "NZ", "capital": "Wellington", "province": "New Zealand", "area": 268680, "population": 4242048}, "localname": "New Zealand", "othername": "", "_id": {"$oid": "61a86cd79694cd6282785593"}}
{"country": {"_id": {"$oid": "61a853fc9abb2b800db796dc"}, "name": "Oman", "code": "OM", "capital": "Muscat", "province": "Oman", "area": 212460, "population": 4992364}, "localname": "\u0633\u0644\u0637\u0646\u0629 \u0639\u0645\u0627\u0646", "othername": "", "_id": {"$oid": "61a86cd79694cd6282785594"}}
{"country": {"_id": {"$oid": "61a853fc9abb2b800db796c8"}, "name": "Portugal", "code": "P", "capital": "Lisboa", "province": "Lisboa", "area": 92080, "population": 10561614}, "localname": "Rep\u00fablica Portuguesa (a)", "othername": "", "_id": {"$oid": "61a86cd79694cd6282785595"}}
{"country": {"_id": {"$oid": "61a853fc9abb2b800db79762"}, "name": "Panama", "code": "PA", "capital": "Panam\u00e1 City", "province": "Panam\u00e1", "area": 78200, "population": 3405813}, "localname": "la Rep\u00fablica de Panam\u00e1", "othername": "", "_id": {"$oid": "61a86cd79694cd6282785596"}}
{"country": {"_id": {"$oid": "61a853fc9abb2b800db7970a"}, "name": "Palau", "code": "PAL", "capital": "Ngerulmud", "province": "Palau", "area": 458, "population": 17501}, "localname": "Beluu er a Belau", "othername": "", "_id": {"$oid": "61a86cd79694cd6282785597"}}
{"country": {"_id": {"$oid": "61a853fc9abb2b800db79785"}, "name": "Peru", "code": "PE", "capital": "Lima", "province": "Lima City", "area": 1285220, "population": 30135875}, "localname": "Piruw Suyu", "othername": "", "_id": {"$oid": "61a86cd79694cd6282785598"}}
{"country": {"_id": {"$oid": "61a853fc9abb2b800db796e9"}, "name": "Pakistan", "code": "PK", "capital": "Islamabad", "province": "FCT Islamabad", "area": 803940, "population": 207776954}, "localname": "the Islamic Republic of Pakistan", "othername": "", "_id": {"$oid": "61a86cd79694cd6282785599"}}
{"country": {"_id": {"$oid": "61a853fc9abb2b800db796ae"}, "name": "Poland", "code": "PL", "capital": "Warszawa", "province": "Mazowieckie", "area": 312683, "population": 38533789}, "localname": "Rzeczpospolita Polska", "othername": "", "_id": {"$oid": "61a86cd79694cd628278559a"}}
{"country": {"_id": {"$oid": "61a853fc9abb2b800db79701"}, "name": "Papua New Guinea", "code": "PNG", "capital": "Port Moresby", "province": "South", "area": 461690, "population": 7275324}, "localname": "Papua New Guinea", "othername": "", "_id": {"$oid": "61a86cd79694cd628278559b"}}
{"country": {"_id": {"$oid": "61a853fc9abb2b800db79789"}, "name": "Paraguay", "code": "PY", "capital": "Asunci\u00f3n", "province": "Paraguay", "area": 406750, "population": 6672631}, "localname": "Paraguay Ret\u00e3n", "othername": "", "_id": {"$oid": "61a86cd79694cd628278559c"}}
{"country": {"_id": {"$oid": "61a853fc9abb2b800db796da"}, "name": "Qatar", "code": "Q", "capital": "Doha", "province": "Qatar", "area": 11000, "population": 2404776}, "localname": "\u062f\u0648\u0644\u0629 \u0642\u0637\u0631", "othername": "", "_id": {"$oid": "61a86cd79694cd628278559d"}}
{"country": {"_id": {"$oid": "61a853fc9abb2b800db796b0"}, "name": "Russia", "code": "R", "capital": "Moskva", "province": "Moscow", "area": 17075200, "population": 143666931}, "localname": "\u0420\u043e\u0441\u0441\u0438\u044f", "othername": "", "_id": {"$oid": "61a86cd79694cd628278559e"}}
{"country": {"_id": {"$oid": "61a853fc9abb2b800db7973c"}, "name": "Botswana", "code": "RB", "capital": "Gaborone", "province": "Botswana", "area": 600370, "population": 2038228}, "localname": "the Republic of Botswana", "othername": "", "_id": {"$oid": "61a86cd79694cd628278559f"}}
{"country": {"_id": {"$oid": "61a853fc9abb2b800db796f1"}, "name": "Taiwan", "code": "RC", "capital": "Taipei", "province": "Taiwan", "area": 36179, "population": 23571227}, "localname": "\u4e2d\u83ef\u6c11\u570b", "othername": "", "_id": {"$oid": "61a86cd79694cd62827855a0"}}
{"country": {"_id": {"$oid": "61a853fc9abb2b800db79734"}, "name": "Central African Republic", "code": "RCA", "capital": "Bangui", "province": "Central African Republic", "area": 622980, "population": 4349921}, "localname": "la R\u00e9publique centrafricaine", "othername": "", "_id": {"$oid": "61a86cd79694cd62827855a1"}}
{"country": {"_id": {"$oid": "61a853fc9abb2b800db79738"}, "name": "Congo", "code": "RCB", "capital": "Brazzaville", "province": "Brazzaville", "area": 342000, "population": 4001831}, "localname": "la R\u00e9publique du Congo", "othername": "", "_id": {"$oid": "61a86cd79694cd62827855a2"}}
{"country": {"_id": {"$oid": "61a853fc9abb2b800db79727"}, "name": "Guinea", "code": "RG", "capital": "Conakry", "province": "Guinea", "area": 245860, "population": 10628972}, "localname": "la R\u00e9publique de Guin\u00e9e", "othername": "", "_id": {"$oid": "61a86cd79694cd62827855a3"}}
{"country": {"_id": {"$oid": "61a853fc9abb2b800db79768"}, "name": "Haiti", "code": "RH", "capital": "Port-au-Prince", "province": "Haiti", "area": 27750, "population": 10788000}, "localname": "la R\u00e9publique d'' Ha\u00efti", "othername": "", "_id": {"$oid": "61a86cd79694cd62827855a4"}}
{"country": {"_id": {"$oid": "61a853fc9abb2b800db796ff"}, "name": "Indonesia", "code": "RI", "capital": "Jakarta", "province": "DKI Jakarta", "area": 1919440, "population": 252124458}, "localname": "Republik Indonesia", "othername": "", "_id": {"$oid": "61a86cd79694cd62827855a5"}}
{"country": {"_id": {"$oid": "61a853fc9abb2b800db79723"}, "name": "Mauritania", "code": "RIM", "capital": "Nouakchott", "province": "Nouakchott", "area": 1030700, "population": 3537368}, "localname": "\u0627\u0644\u062c\u0645\u0647\u0648\u0631\u064a\u0629 \u0627\u0644\u0625\u0633\u0644\u0627\u0645\u064a\u0629 \u0627\u0644\u0645\u0648\u0631\u064a\u062a\u0627\u0646\u064a\u0629", "othername": "", "_id": {"$oid": "61a86cd79694cd62827855a6"}}
{"country": {"_id": {"$oid": "61a853fc9abb2b800db796d2"}, "name": "Lebanon", "code": "RL", "capital": "Bayr\u016bt", "province": "Lebanon", "area": 10400, "population": 4341092}, "localname": "\u0627\u0644\u062c\u0645\u0647\u0648\u0631\u064a\u0629", "othername": "", "_id": {"$oid": "61a86cd79694cd62827855a7"}}
{"country": {"_id": {"$oid": "61a853fc9abb2b800db79752"}, "name": "Madagascar", "code": "RM", "capital": "Antananarivo", "province": "Madagascar", "area": 587041, "population": 21842167}, "localname": "la R\u00e9publique de Madagascar", "othername": "", "_id": {"$oid": "61a86cd79694cd62827855a8"}}
{"country": {"_id": {"$oid": "61a853fc9abb2b800db79722"}, "name": "Mali", "code": "RMM", "capital": "Bamako", "province": "Bamako", "area": 1240000, "population": 14528622}, "localname": "la R\u00e9publique du Mali", "othername": "", "_id": {"$oid": "61a86cd79694cd62827855a9"}}
{"country": {"_id": {"$oid": "61a853fc9abb2b800db79730"}, "name": "Niger", "code": "RN", "capital": "Niamey", "province": "Niamey", "area": 1267000, "population": 17138707}, "localname": "la R\u00e9publique du Niger", "othername": "", "_id": {"$oid": "61a86cd79694cd62827855aa"}}
{"country": {"_id": {"$oid": "61a853fc9abb2b800db796b8"}, "name": "Romania", "code": "RO", "capital": "Bucure\u015fti", "province": "Bucure\u015fti", "area": 237500, "population": 20121641}, "localname": "Rom\u00e2nia", "othername": "", "_id": {"$oid": "61a86cd79694cd62827855ab"}}
{"country": {"_id": {"$oid": "61a853fc9abb2b800db796f5"}, "name": "South Korea", "code": "ROK", "capital": "Seoul", "province": "South Korea", "area": 98480, "population": 51269554}, "localname": "\ub300\ud55c \ubbfc\uad6d", "othername": "", "_id": {"$oid": "61a86cd79694cd62827855ac"}}
{"country": {"_id": {"$oid": "61a853fc9abb2b800db7978a"}, "name": "Uruguay", "code": "ROU", "capital": "Montevideo", "province": "Uruguay", "area": 176220, "population": 3286314}, "localname": "la Rep\u00fablica Oriental del Uruguay", "othername": "", "_id": {"$oid": "61a86cd79694cd62827855ad"}}
{"country": {"_id": {"$oid": "61a853fc9abb2b800db796f7"}, "name": "Philippines", "code": "RP", "capital": "Manila", "province": "Metro Manila", "area": 299764, "population": 100981437}, "localname": "the Republic of the Philippines", "othername": "", "_id": {"$oid": "61a86cd79694cd62827855ae"}}
{"country": {"_id": {"$oid": "61a853fc9abb2b800db7973d"}, "name": "South Africa", "code": "RSA", "capital": "Tshwane", "province": "Gauteng", "area": 1219912, "population": 51770560}, "localname": "Republiek van Suid-Afrika", "othername": "", "_id": {"$oid": "61a86cd79694cd62827855af"}}
{"country": {"_id": {"$oid": "61a853fc9abb2b800db796c4"}, "name": "San Marino", "code": "RSM", "capital": "San Marino", "province": "San Marino", "area": 60, "population": 32440}, "localname": "Repubblica di San Marino (la)", "othername": "", "_id": {"$oid": "61a86cd79694cd62827855b0"}}
{"country": {"_id": {"$oid": "61a853fc9abb2b800db79746"}, "name": "Rwanda", "code": "RWA", "capital": "Kigali", "province": "Rwanda", "area": 26340, "population": 10515973}, "localname": "the Republic of Rwanda", "othername": "", "_id": {"$oid": "61a86cd79694cd62827855b1"}}
{"country": {"_id": {"$oid": "61a853fc9abb2b800db796d8"}, "name": "Saudi Arabia", "code": "SA", "capital": "Riyadh", "province": "Al-Riyadh", "area": 1960582, "population": 27136977}, "localname": "\u0627\u0644\u0645\u0645\u0644\u0643\u0629\u0629", "othername": "", "_id": {"$oid": "61a86cd79694cd62827855b2"}}
{"country": {"_id": {"$oid": "61a853fc9abb2b800db79770"}, "name": "Saint Barthelemy", "code": "SBAR", "capital": "Gustavia", "province": "Saint Barthelemy", "area": 21, "population": 9131}, "localname": "Collectivit\u00e9 de Saint-Barth\u00e9lemy", "othername": "", "_id": {"$oid": "61a86cd79694cd62827855b3"}}
{"country": {"_id": {"$oid": "61a853fc9abb2b800db7973f"}, "name": "Eswatini", "code": "SD", "capital": "Mbabane", "province": "Eswatini", "area": 17360, "population": 1193148}, "localname": "Kingdom of Eswatini", "othername": "Swaziland", "_id": {"$oid": "61a86cd79694cd62827855b4"}}
{"country": {"_id": {"$oid": "61a853fc9abb2b800db796bd"}, "name": "Finland", "code": "SF", "capital": "Helsinki", "province": "Uusimaa", "area": 337030, "population": 5513130}, "localname": "Suomen tasavalta", "othername": "", "_id": {"$oid": "61a86cd79694cd62827855b5"}}
{"country": {"_id": {"$oid": "61a853fc9abb2b800db796fe"}, "name": "Singapore", "code": "SGP", "capital": "Singapore", "province": "Singapore", "area": 632.6, "population": 5076700}, "localname": "\u65b0\u52a0\u5761\u5171\u548c\u56fd", "othername": "", "_id": {"$oid": "61a86cd79694cd62827855b6"}}
{"country": {"_id": {"$oid": "61a853fc9abb2b800db796a3"}, "name": "Slovakia", "code": "SK", "capital": "Bratislava", "province": "Bratislavsk\u00fd", "area": 48845, "population": 5397036}, "localname": "Slovensko", "othername": "", "_id": {"$oid": "61a86cd79694cd62827855b7"}}
{"country": {"_id": {"$oid": "61a853fc9abb2b800db79728"}, "name": "Sierra Leone", "code": "SLE", "capital": "Freetown", "province": "Sierra Leone", "area": 71740, "population": 5743725}, "localname": "the Republic of Sierra Leone", "othername": "", "_id": {"$oid": "61a86cd79694cd62827855b8"}}
{"country": {"_id": {"$oid": "61a853fc9abb2b800db796b4"}, "name": "Slovenia", "code": "SLO", "capital": "Ljubljana", "province": "Slovenia", "area": 20256, "population": 2058821}, "localname": "Republika Slovenija", "othername": "", "_id": {"$oid": "61a86cd79694cd62827855b9"}}
{"country": {"_id": {"$oid": "61a853fc9abb2b800db7976e"}, "name": "Saint Martin", "code": "SMAR", "capital": "Marigot", "province": "Saint Martin", "area": 54, "population": 36286}, "localname": "Collectivit\u00e9 de Saint-Martin", "othername": "", "_id": {"$oid": "61a86cd79694cd62827855ba"}}
{"country": {"_id": {"$oid": "61a853fc9abb2b800db79781"}, "name": "Suriname", "code": "SME", "capital": "Paramaribo", "province": "Suriname", "area": 163270, "population": 541638}, "localname": "Republiek Suriname (de)", "othername": "", "_id": {"$oid": "61a86cd79694cd62827855bb"}}
{"country": {"_id": {"$oid": "61a853fc9abb2b800db79749"}, "name": "Somalia", "code": "SO", "capital": "Mogadishu", "province": "Somalia", "area": 637660, "population": 11000000}, "localname": "\u062c\u064f\u0645\u0652\u0647\u064f\u0648\u0631\u0650\u064a\u0651\u064e\u0629 \u0627\u0644\u0635\u0651\u064f\u0648\u0645\u064e\u0627\u0644", "othername": "", "_id": {"$oid": "61a86cd79694cd62827855bc"}}
{"country": {"_id": {"$oid": "61a853fc9abb2b800db79702"}, "name": "Solomon Islands", "code": "SOL", "capital": "Honiara", "province": "Solomon Islands", "area": 28450, "population": 515870}, "localname": "Solomon Islands", "othername": "", "_id": {"$oid": "61a86cd79694cd62827855bd"}}
{"country": {"_id": {"$oid": "61a853fc9abb2b800db7969c"}, "name": "Serbia", "code": "SRB", "capital": "Beograd", "province": "Serbia", "area": 77474, "population": 7120666}, "localname": "\u0420\u0435\u043f\u0443\u0431\u043b\u0438\u043a\u0430 \u0421\u0440\u0431\u0438\u0458\u0430", "othername": "", "_id": {"$oid": "61a86cd79694cd62827855be"}}
{"country": {"_id": {"$oid": "61a853fc9abb2b800db79733"}, "name": "South Sudan", "code": "SSD", "capital": "Juba", "province": "South Sudan", "area": 644329, "population": 8260490}, "localname": "the Republic of South Sudan", "othername": "", "_id": {"$oid": "61a86cd79694cd62827855bf"}}
{"country": {"_id": {"$oid": "61a853fc9abb2b800db7974e"}, "name": "Sao Tome and Principe", "code": "STP", "capital": "S\u00e3o Tom\u00e9", "province": "Sao Tome and Principe", "area": 1001, "population": 187356}, "localname": "Rep\u00fablica Democr\u00e1tica de S\u00e3o Tom\u00e9 e Pr\u00edncipe (a)", "othername": "", "_id": {"$oid": "61a86cd79694cd62827855c0"}}
{"country": {"_id": {"$oid": "61a853fc9abb2b800db79732"}, "name": "Sudan", "code": "SUD", "capital": "Khartoum", "province": "Al-Khar\u1e6d\u016bm", "area": 1840687, "population": 40782700}, "localname": "\u062c\u0645\u0647\u0648\u0631\u064a\u0629 \u0627\u0644\u0633\u0648\u062f\u0627\u0646", "othername": "", "_id": {"$oid": "61a86cd79694cd62827855c1"}}
{"country": {"_id": {"$oid": "61a853fc9abb2b800db796c9"}, "name": "Svalbard", "code": "SVA", "capital": "Longyearbyen", "province": "Svalbard", "area": 62049, "population": 2667}, "localname": "Svalbard", "othername": "", "_id": {"$oid": "61a86cd79694cd62827855c2"}}
{"country": {"_id": {"$oid": "61a853fc9abb2b800db7976f"}, "name": "Sint Maarten", "code": "SX", "capital": "Philipsburg", "province": "Sint Maarten", "area": 34, "population": 40535}, "localname": "Sint Maarten", "othername": "", "_id": {"$oid": "61a86cd79694cd62827855c3"}}
{"country": {"_id": {"$oid": "61a853fc9abb2b800db7974f"}, "name": "Seychelles", "code": "SY", "capital": "Victoria", "province": "Seychelles", "area": 455, "population": 90945}, "localname": "Repiblik Sesel", "othername": "", "_id": {"$oid": "61a86cd79694cd62827855c4"}}
{"country": {"_id": {"$oid": "61a853fc9abb2b800db796d6"}, "name": "Syria", "code": "SYR", "capital": "Dimashq", "province": "Dimashq", "area": 185180, "population": 17070135}, "localname": "\u0627\u0644\u062c\u0645\u0647\u0648\u0631\u064a\u0629 \u0627\u0644\u0639\u0631\u0628\u064a\u0629 \u0627\u0644\u0633\u0648\u0631\u064a\u0629", "othername": "", "_id": {"$oid": "61a86cd79694cd62827855c5"}}
{"country": {"_id": {"$oid": "61a853fc9abb2b800db79731"}, "name": "Chad", "code": "TCH", "capital": "N''Djamena", "province": "Chad", "area": 1284000, "population": 11720781}, "localname": "\u062c\u0645\u0647\u0648\u0631\u064a\u0629 \u062a\u0634\u0627\u062f", "othername": "", "_id": {"$oid": "61a86cd79694cd62827855c6"}}
{"country": {"_id": {"$oid": "61a853fc9abb2b800db796fb"}, "name": "Thailand", "code": "THA", "capital": "Bangkok", "province": "Thailand", "area": 514000, "population": 65981659}, "localname": "\u0e23\u0e32\u0e0a\u0e2d\u0e32\u0e13\u0e32\u0e08\u0e31\u0e01\u0e23\u0e44\u0e17\u0e22", "othername": "", "_id": {"$oid": "61a86cd79694cd62827855c7"}}
{"country": {"_id": {"$oid": "61a853fc9abb2b800db796e4"}, "name": "Tajikistan", "code": "TJ", "capital": "Dushanbe", "province": "Dushanbe", "area": 143100, "population": 8161100}, "localname": "\u0409\u0443\u043c\u045a\u0443\u0440\u0438\u0438 \u0422\u043e\u0459\u0438\u043a\u0438\u0441\u0442\u043e\u043d", "othername": "", "_id": {"$oid": "61a86cd79694cd62827855c8"}}
{"country": {"_id": {"$oid": "61a853fc9abb2b800db79700"}, "name": "Timor-Leste", "code": "TL", "capital": "Dili", "province": "Timor-Leste", "area": 15007, "population": 1066582}, "localname": "Rep\u00fablica Democr\u00e1tica de Timor-Leste", "othername": "", "_id": {"$oid": "61a86cd79694cd62827855c9"}}
{"country": {"_id": {"$oid": "61a853fc9abb2b800db796e2"}, "name": "Turkmenistan", "code": "TM", "capital": "Ashgabat", "province": "Ashgabat", "area": 488100, "population": 6550000}, "localname": "T\u00fcrkmenistan", "othername": "", "_id": {"$oid": "61a86cd79694cd62827855ca"}}
{"country": {"_id": {"$oid": "61a853fc9abb2b800db7971e"}, "name": "Tunisia", "code": "TN", "capital": "Tunis", "province": "Tunisia", "area": 163610, "population": 10982754}, "localname": "\u0627\u0644\u062c\u0645\u0647\u0648\u0631\u064a\u0629 \u0627\u0644\u062a\u0648\u0646\u0633\u064a\u0629", "othername": "", "_id": {"$oid": "61a86cd79694cd62827855cb"}}
{"country": {"_id": {"$oid": "61a853fc9abb2b800db79717"}, "name": "Tonga", "code": "TO", "capital": "Nukualofa", "province": "Tonga", "area": 748, "population": 100651}, "localname": "the Kingdom of Tonga", "othername": "", "_id": {"$oid": "61a86cd79694cd62827855cc"}}
{"country": {"_id": {"$oid": "61a853fc9abb2b800db79712"}, "name": "Tokelau", "code": "TOK", "capital": "Fakaofo", "province": "Tokelau", "area": 12, "population": 1499}, "localname": "Tokelau", "othername": "", "_id": {"$oid": "61a86cd79694cd62827855cd"}}
{"country": {"_id": {"$oid": "61a853fc9abb2b800db796d1"}, "name": "Turkey", "code": "TR", "capital": "Ankara", "province": "Ankara", "area": 780580, "population": 75627384}, "localname": "T\u00fcrkiye Cumhuriyeti", "othername": "", "_id": {"$oid": "61a86cd79694cd62827855ce"}}
{"country": {"_id": {"$oid": "61a853fc9abb2b800db7977b"}, "name": "Trinidad and Tobago", "code": "TT", "capital": "Port-of-Spain", "province": "Trinidad and Tobago", "area": 5130, "population": 1328019}, "localname": "the Republic of Trinidad and Tobago", "othername": "", "_id": {"$oid": "61a86cd79694cd62827855cf"}}
{"country": {"_id": {"$oid": "61a853fc9abb2b800db79711"}, "name": "Tuvalu", "code": "TUV", "capital": "Funafuti", "province": "Tuvalu", "area": 26, "population": 11192}, "localname": "Tuvalu", "othername": "", "_id": {"$oid": "61a86cd79694cd62827855d0"}}
{"country": {"_id": {"$oid": "61a853fc9abb2b800db796af"}, "name": "Ukraine", "code": "UA", "capital": "Ky\u00efv", "province": "Ky\u00efv", "area": 603700, "population": 45633637}, "localname": "\u0423\u043a\u0440\u0430\u00ef\u043d\u0430", "othername": "", "_id": {"$oid": "61a86cd79694cd62827855d1"}}
{"country": {"_id": {"$oid": "61a853fc9abb2b800db796db"}, "name": "United Arab Emirates", "code": "UAE", "capital": "Abu Dhabi", "province": "United Arab Emirates", "area": 75581, "population": 9121167}, "localname": "\u0627\u0644\u0625\u0645\u0627\u0631\u0627\u062a \u0627\u0644\u0639\u0631\u0628\u064a\u0629 \u0627\u0644\u0645\u062a\u062d\u062f\u0629", "othername": "", "_id": {"$oid": "61a86cd79694cd62827855d2"}}
{"country": {"_id": {"$oid": "61a853fc9abb2b800db796e3"}, "name": "Uzbekistan", "code": "UZ", "capital": "Toshkent", "province": "Toshkent City", "area": 447400, "population": 32120500}, "localname": "O\u02bbzbekiston", "othername": "", "_id": {"$oid": "61a86cd79694cd62827855d3"}}
{"country": {"_id": {"$oid": "61a853fc9abb2b800db796c1"}, "name": "Vatican City", "code": "V", "capital": "Vatican City", "province": "Vatican City", "area": 0.44, "population": 826}, "localname": "Status Civitatis Vaticanae", "othername": "", "_id": {"$oid": "61a86cd79694cd62827855d4"}}
{"country": {"_id": {"$oid": "61a853fc9abb2b800db796f8"}, "name": "Vietnam", "code": "VN", "capital": "Hanoi", "province": "Red River Delta", "area": 329560, "population": 88772900}, "localname": "Vi\u1ec7t Nam", "othername": "", "_id": {"$oid": "61a86cd79694cd62827855d5"}}
{"country": {"_id": {"$oid": "61a853fc9abb2b800db79725"}, "name": "Gambia", "code": "WAG", "capital": "Banjul", "province": "Gambia", "area": 11300, "population": 1882450}, "localname": "The Republic of the Gambia", "othername": "", "_id": {"$oid": "61a86cd79694cd62827855d6"}}
{"country": {"_id": {"$oid": "61a853fc9abb2b800db796d3"}, "name": "West Bank", "code": "WB", "capital": "Ramallah", "province": "West Bank", "area": 5655, "population": 2881687}, "localname": "\u0627\u0644\u0636\u0641\u0629 \u0627\u0644\u063a\u0631\u0628\u064a\u0629", "othername": "", "_id": {"$oid": "61a86cd79694cd62827855d7"}}
{"country": {"_id": {"$oid": "61a853fc9abb2b800db79775"}, "name": "Dominica", "code": "WD", "capital": "Roseau", "province": "Dominica", "area": 746, "population": 70739}, "localname": "the Commonwealth of Dominica", "othername": "", "_id": {"$oid": "61a86cd79694cd62827855d8"}}
{"country": {"_id": {"$oid": "61a853fc9abb2b800db79715"}, "name": "Wallis and Futuna", "code": "WF", "capital": "Mata-Utu", "province": "Wallis and Futuna", "area": 274, "population": 11558}, "localname": "Uvea mo Futuna", "othername": "", "_id": {"$oid": "61a86cd79694cd62827855d9"}}
{"country": {"_id": {"$oid": "61a853fc9abb2b800db7977a"}, "name": "Grenada", "code": "WG", "capital": "Saint George''s", "province": "Grenada", "area": 344, "population": 103328}, "localname": "Grenada", "othername": "", "_id": {"$oid": "61a86cd79694cd62827855da"}}
{"country": {"_id": {"$oid": "61a853fc9abb2b800db79777"}, "name": "Saint Lucia", "code": "WL", "capital": "Castries", "province": "Saint Lucia", "area": 620, "population": 165595}, "localname": "Saint Lucia", "othername": "", "_id": {"$oid": "61a86cd79694cd62827855db"}}
{"country": {"_id": {"$oid": "61a853fc9abb2b800db79713"}, "name": "Samoa", "code": "WS", "capital": "Apia", "province": "Samoa", "area": 2860, "population": 194320}, "localname": "Malo Sa\u02bboloto Tuto\u02bbatasi o S\u0101moa", "othername": "", "_id": {"$oid": "61a86cd79694cd62827855dc"}}
{"country": {"_id": {"$oid": "61a853fc9abb2b800db79721"}, "name": "Western Sahara", "code": "WSA", "capital": "El Aaiun", "province": "Western Sahara", "area": 266000, "population": 554795}, "localname": "\u0627\u0644\u0635\u062d\u0631\u0627\u0621 \u0627\u0644\u063a\u0631\u0628\u064a\u0629", "othername": "", "_id": {"$oid": "61a86cd79694cd62827855dd"}}
{"country": {"_id": {"$oid": "61a853fc9abb2b800db79779"}, "name": "Saint Vincent and the Grenadines", "code": "WV", "capital": "Kingstown", "province": "Saint Vincent and the Grenadines", "area": 389, "population": 109991}, "localname": "Saint Vincent and the Grenadines", "othername": "", "_id": {"$oid": "61a86cd79694cd62827855de"}}
{"country": {"_id": {"$oid": "61a853fc9abb2b800db796dd"}, "name": "Yemen", "code": "YE", "capital": "Sanaa", "province": "Yemen", "area": 527970, "population": 24527000}, "localname": "\u0627\u0644\u062c\u0645\u0647\u0648\u0631\u064a\u0629 \u0627\u0644\u064a\u0645\u0646\u064a\u0629", "othername": "", "_id": {"$oid": "61a86cd79694cd62827855df"}}
