{"country": {"_id": {"$oid": "61a853fc9abb2b800db79698"}, "name": "Albania", "code": "AL", "capital": "Tirana", "province": "Albania", "area": 28750, "population": 2821977}, "gdp": 12800, "agriculture": 19.5, "service": 68.5, "industry": 12, "inflation": 1.7, "unemployment": 16.9, "_id": {"$oid": "61a865be24598f41f35a998c"}}
{"country": {"_id": {"$oid": "61a853fc9abb2b800db79699"}, "name": "Greece", "code": "GR", "capital": "Athina", "province": "Attikis", "area": 131940, "population": 10816286}, "gdp": 243300, "agriculture": 3.5, "service": 80.5, "industry": 16, "inflation": -0.8, "unemployment": 27.9, "_id": {"$oid": "61a865be24598f41f35a998d"}}
{"country": {"_id": {"$oid": "61a853fc9abb2b800db7969a"}, "name": "Cyprus", "code": "CY", "capital": "Lefkosia", "province": "Cyprus", "area": 9251, "population": 1133803}, "gdp": 21780, "agriculture": 2.4, "service": 81.7, "industry": 15.9, "inflation": 0.2, "unemployment": 17.4, "_id": {"$oid": "61a865be24598f41f35a998e"}}
{"country": {"_id": {"$oid": "61a853fc9abb2b800db7969b"}, "name": "North Macedonia", "code": "MK", "capital": "Skopje", "province": "North Macedonia", "area": 25333, "population": 2059794}, "gdp": 10650, "agriculture": 10.2, "service": 62.3, "industry": 27.5, "inflation": 2.8, "unemployment": 28.6, "_id": {"$oid": "61a865be24598f41f35a998f"}}
{"country": {"_id": {"$oid": "61a853fc9abb2b800db7969c"}, "name": "Serbia", "code": "SRB", "capital": "Beograd", "province": "Serbia", "area": 77474, "population": 7120666}, "gdp": 43680, "agriculture": 7.9, "service": 60.3, "industry": 31.8, "inflation": 2.2, "unemployment": 20.1, "_id": {"$oid": "61a865be24598f41f35a9990"}}
{"country": {"_id": {"$oid": "61a853fc9abb2b800db7969d"}, "name": "Montenegro", "code": "MNE", "capital": "Podgorica", "province": "Montenegro", "area": 14026, "population": 620029}, "gdp": 4518, "agriculture": 0.8, "service": 87.9, "industry": 11.3, "inflation": 4, "unemployment": 19.1, "_id": {"$oid": "61a865be24598f41f35a9991"}}
{"country": {"_id": {"$oid": "61a853fc9abb2b800db7969e"}, "name": "Kosovo", "code": "KOS", "capital": "Prishtine", "province": "Kosovo", "area": 10887, "population": 1733872}, "gdp": 7150, "agriculture": 12.9, "service": 64.5, "industry": 22.6, "inflation": 1.8, "unemployment": 30.9, "_id": {"$oid": "61a865be24598f41f35a9992"}}
{"country": {"_id": {"$oid": "61a853fc9abb2b800db7969f"}, "name": "Andorra", "code": "AND", "capital": "Andorra la Vella", "province": "Andorra", "area": 450, "population": 78115}, "gdp": 4800, "agriculture": 14, "service": 6, "industry": 79, "inflation": 1.1, "unemployment": 4, "_id": {"$oid": "61a865be24598f41f35a9993"}}
{"country": {"_id": {"$oid": "61a853fc9abb2b800db796a0"}, "name": "France", "code": "F", "capital": "Paris", "province": "\u00cele-de-France", "area": 547030, "population": 64300821}, "gdp": 2739000, "agriculture": 1.9, "service": 79.4, "industry": 18.7, "inflation": 0.9, "unemployment": 10.2, "_id": {"$oid": "61a865be24598f41f35a9994"}}
{"country": {"_id": {"$oid": "61a853fc9abb2b800db796a1"}, "name": "Spain", "code": "E", "capital": "Madrid", "province": "Madrid", "area": 504750, "population": 46815916}, "gdp": 1356000, "agriculture": 3.1, "service": 70.8, "industry": 26, "inflation": 1.8, "unemployment": 26.3, "_id": {"$oid": "61a865be24598f41f35a9995"}}
{"country": {"_id": {"$oid": "61a853fc9abb2b800db796a2"}, "name": "Czech Republic", "code": "CZ", "capital": "Praha", "province": "Praha", "area": 78703, "population": 10562214}, "gdp": 194800, "agriculture": 2.4, "service": 60.3, "industry": 37.3, "inflation": 1.4, "unemployment": 7.1, "_id": {"$oid": "61a865be24598f41f35a9996"}}
{"country": {"_id": {"$oid": "61a853fc9abb2b800db796a3"}, "name": "Slovakia", "code": "SK", "capital": "Bratislava", "province": "Bratislavsk\u00fd", "area": 48845, "population": 5397036}, "gdp": 96960, "agriculture": 3.1, "service": 67, "industry": 30.8, "inflation": 1.7, "unemployment": 14.4, "_id": {"$oid": "61a865be24598f41f35a9997"}}
{"country": {"_id": {"$oid": "61a853fc9abb2b800db796a4"}, "name": "Germany", "code": "D", "capital": "Berlin", "province": "Berlin", "area": 356910, "population": 82521653}, "gdp": 3593000, "agriculture": 0.8, "service": 69, "industry": 30.1, "inflation": 1.6, "unemployment": 5.3, "_id": {"$oid": "61a865be24598f41f35a9998"}}
{"country": {"_id": {"$oid": "61a853fc9abb2b800db796a5"}, "name": "Hungary", "code": "H", "capital": "Budapest", "province": "Budapest", "area": 93030, "population": 9937628}, "gdp": 130600, "agriculture": 3.4, "service": 68.7, "industry": 28, "inflation": 1.9, "unemployment": 10.5, "_id": {"$oid": "61a865be24598f41f35a9999"}}
{"country": {"_id": {"$oid": "61a853fc9abb2b800db796a6"}, "name": "Italy", "code": "I", "capital": "Roma", "province": "Lazio", "area": 301230, "population": 59433744}, "gdp": 2068000, "agriculture": 2, "service": 73.5, "industry": 24.4, "inflation": 1.2, "unemployment": 12.4, "_id": {"$oid": "61a865be24598f41f35a999a"}}
{"country": {"_id": {"$oid": "61a853fc9abb2b800db796a7"}, "name": "Switzerland", "code": "CH", "capital": "Bern", "province": "Bern", "area": 41290, "population": 8139631}, "gdp": 646200, "agriculture": 0.7, "service": 72.5, "industry": 26.8, "inflation": -0.4, "unemployment": 3.2, "_id": {"$oid": "61a865be24598f41f35a999b"}}
{"country": {"_id": {"$oid": "61a853fc9abb2b800db796a8"}, "name": "Liechtenstein", "code": "FL", "capital": "Vaduz", "province": "Liechtenstein", "area": 160, "population": 36149}, "gdp": 5113, "agriculture": 8, "service": 55, "industry": 37, "inflation": -0.7, "unemployment": 2.3, "_id": {"$oid": "61a865be24598f41f35a999c"}}
{"country": {"_id": {"$oid": "61a853fc9abb2b800db796a9"}, "name": "Austria", "code": "A", "capital": "Wien", "province": "Wien", "area": 83850, "population": 8499759}, "gdp": 417900, "agriculture": 1.6, "service": 69.8, "industry": 28.6, "inflation": 2.1, "unemployment": 4.9, "_id": {"$oid": "61a865be24598f41f35a999d"}}
{"country": {"_id": {"$oid": "61a853fc9abb2b800db796aa"}, "name": "Estonia", "code": "EST", "capital": "Tallinn", "province": "Estonia", "area": 45100, "population": 1294455}, "gdp": 24280, "agriculture": 3.9, "service": 66.2, "industry": 30, "inflation": 3.4, "unemployment": 10.9, "_id": {"$oid": "61a865be24598f41f35a999e"}}
{"country": {"_id": {"$oid": "61a853fc9abb2b800db796ab"}, "name": "Latvia", "code": "LV", "capital": "R\u012bga", "province": "Latvia", "area": 64100, "population": 2201196}, "gdp": 30380, "agriculture": 4.9, "service": 69.4, "industry": 25.7, "inflation": 0.2, "unemployment": 9.8, "_id": {"$oid": "61a865be24598f41f35a999f"}}
{"country": {"_id": {"$oid": "61a853fc9abb2b800db796ac"}, "name": "Lithuania", "code": "LT", "capital": "Vilnius", "province": "Lithuania", "area": 65200, "population": 2979310}, "gdp": 46710, "agriculture": 3.7, "service": 68, "industry": 28.3, "inflation": 1.2, "unemployment": 12.4, "_id": {"$oid": "61a865be24598f41f35a99a0"}}
{"country": {"_id": {"$oid": "61a853fc9abb2b800db796ad"}, "name": "Belarus", "code": "BY", "capital": "Minsk", "province": "Minsk City", "area": 207600, "population": 9460692}, "gdp": 69240, "agriculture": 9.2, "service": 44.7, "industry": 46.2, "inflation": 19, "unemployment": 1, "_id": {"$oid": "61a865be24598f41f35a99a1"}}
{"country": {"_id": {"$oid": "61a853fc9abb2b800db796ae"}, "name": "Poland", "code": "PL", "capital": "Warszawa", "province": "Mazowieckie", "area": 312683, "population": 38533789}, "gdp": 513900, "agriculture": 4, "service": 62.7, "industry": 33.3, "inflation": 1, "unemployment": 10.3, "_id": {"$oid": "61a865be24598f41f35a99a2"}}
{"country": {"_id": {"$oid": "61a853fc9abb2b800db796af"}, "name": "Ukraine", "code": "UA", "capital": "Ky\u00efv", "province": "Ky\u00efv", "area": 603700, "population": 45633637}, "gdp": 175500, "agriculture": 9.9, "service": 60.5, "industry": 29.6, "inflation": 0.7, "unemployment": 8, "_id": {"$oid": "61a865be24598f41f35a99a3"}}
{"country": {"_id": {"$oid": "61a853fc9abb2b800db796b0"}, "name": "Russia", "code": "R", "capital": "Moskva", "province": "Moscow", "area": 17075200, "population": 143666931}, "gdp": 2113000, "agriculture": 4.2, "service": 58.3, "industry": 37.5, "inflation": 6.8, "unemployment": 5.8, "_id": {"$oid": "61a865be24598f41f35a99a4"}}
{"country": {"_id": {"$oid": "61a853fc9abb2b800db796b1"}, "name": "Belgium", "code": "B", "capital": "Bruxelles", "province": "Bruxelles", "area": 30510, "population": 11099554}, "gdp": 507400, "agriculture": 0.8, "service": 76.6, "industry": 22.6, "inflation": 1.3, "unemployment": 8.8, "_id": {"$oid": "61a865be24598f41f35a99a5"}}
{"country": {"_id": {"$oid": "61a853fc9abb2b800db796b2"}, "name": "Luxembourg", "code": "L", "capital": "Luxembourg", "province": "Luxembourg", "area": 2586, "population": 524853}, "gdp": 60540, "agriculture": 0.3, "service": 86.4, "industry": 13.3, "inflation": 1.8, "unemployment": 4.9, "_id": {"$oid": "61a865be24598f41f35a99a6"}}
{"country": {"_id": {"$oid": "61a853fc9abb2b800db796b3"}, "name": "Netherlands", "code": "NL", "capital": "Amsterdam", "province": "Noord-Holland", "area": 37330, "population": 16843181}, "gdp": 722300, "agriculture": 2.6, "service": 72.1, "industry": 25.4, "inflation": 2.5, "unemployment": 8.3, "_id": {"$oid": "61a865be24598f41f35a99a7"}}
{"country": {"_id": {"$oid": "61a853fc9abb2b800db796b4"}, "name": "Slovenia", "code": "SLO", "capital": "Ljubljana", "province": "Slovenia", "area": 20256, "population": 2058821}, "gdp": 46820, "agriculture": 2.8, "service": 68.3, "industry": 28.9, "inflation": 1.8, "unemployment": 13.1, "_id": {"$oid": "61a865be24598f41f35a99a8"}}
{"country": {"_id": {"$oid": "61a853fc9abb2b800db796b5"}, "name": "Croatia", "code": "HR", "capital": "Zagreb", "province": "Croatia", "area": 56538, "population": 4290612}, "gdp": 59140, "agriculture": 5, "service": 69.2, "industry": 25.8, "inflation": 2.2, "unemployment": 21.6, "_id": {"$oid": "61a865be24598f41f35a99a9"}}
{"country": {"_id": {"$oid": "61a853fc9abb2b800db796b6"}, "name": "Bosnia and Herzegovina", "code": "BIH", "capital": "Sarajevo", "province": "Federacija Bosne i Hercegovine", "area": 51233, "population": 3791622}, "gdp": 18870, "agriculture": 8.1, "service": 65.5, "industry": 26.4, "inflation": 0.2, "unemployment": 44.3, "_id": {"$oid": "61a865be24598f41f35a99aa"}}
{"country": {"_id": {"$oid": "61a853fc9abb2b800db796b7"}, "name": "Bulgaria", "code": "BG", "capital": "Sofia", "province": "Bulgaria", "area": 110910, "population": 7351234}, "gdp": 53700, "agriculture": 6.7, "service": 63, "industry": 30.3, "inflation": 1.5, "unemployment": 11.6, "_id": {"$oid": "61a865be24598f41f35a99ab"}}
{"country": {"_id": {"$oid": "61a853fc9abb2b800db796b8"}, "name": "Romania", "code": "RO", "capital": "Bucure\u015fti", "province": "Bucure\u015fti", "area": 237500, "population": 20121641}, "gdp": 188900, "agriculture": 6.4, "service": 59.4, "industry": 34.2, "inflation": 3.2, "unemployment": 7.3, "_id": {"$oid": "61a865be24598f41f35a99ac"}}
{"country": {"_id": {"$oid": "61a853fc9abb2b800db796b9"}, "name": "Denmark", "code": "DK", "capital": "Copenhagen", "province": "Hovedstaden", "area": 43070, "population": 5678348}, "gdp": 324300, "agriculture": 1.5, "service": 76.8, "industry": 21.7, "inflation": 0.8, "unemployment": 6, "_id": {"$oid": "61a865be24598f41f35a99ad"}}
{"country": {"_id": {"$oid": "61a853fc9abb2b800db796ba"}, "name": "Iceland", "code": "IS", "capital": "Reykjavik", "province": "Iceland", "area": 103000, "population": 332529}, "gdp": 14590, "agriculture": 5.9, "service": 71.2, "industry": 22.9, "inflation": 3.9, "unemployment": 4.5, "_id": {"$oid": "61a865be24598f41f35a99ae"}}
{"country": {"_id": {"$oid": "61a853fc9abb2b800db796bb"}, "name": "Faroe Islands", "code": "FO", "capital": "T\u00f3rshavn", "province": "Faroe Islands", "area": 1400, "population": 48346}, "gdp": 2320, "agriculture": 16, "service": 55, "industry": 29, "inflation": 2.3, "unemployment": 6.8, "_id": {"$oid": "61a865be24598f41f35a99af"}}
{"country": {"_id": {"$oid": "61a853fc9abb2b800db796bc"}, "name": "Ireland", "code": "IRL", "capital": "Dublin", "province": "Ireland", "area": 70280, "population": 4588252}, "gdp": 220900, "agriculture": 1.6, "service": 70.4, "industry": 28, "inflation": 0.6, "unemployment": 13.5, "_id": {"$oid": "61a865be24598f41f35a99b0"}}
{"country": {"_id": {"$oid": "61a853fc9abb2b800db796bd"}, "name": "Finland", "code": "SF", "capital": "Helsinki", "province": "Uusimaa", "area": 337030, "population": 5513130}, "gdp": 259600, "agriculture": 2.9, "service": 71.9, "industry": 25.1, "inflation": 2.2, "unemployment": 8.1, "_id": {"$oid": "61a865be24598f41f35a99b1"}}
{"country": {"_id": {"$oid": "61a853fc9abb2b800db796be"}, "name": "Norway", "code": "N", "capital": "Oslo", "province": "Oslo", "area": 324220, "population": 5051275}, "gdp": 515800, "agriculture": 1.2, "service": 56.5, "industry": 42.3, "inflation": 1.9, "unemployment": 3.6, "_id": {"$oid": "61a865be24598f41f35a99b2"}}
{"country": {"_id": {"$oid": "61a853fc9abb2b800db796bf"}, "name": "Sweden", "code": "S", "capital": "Stockholm", "province": "Stockholm", "area": 449964, "population": 9555893}, "gdp": 552000, "agriculture": 2, "service": 66.8, "industry": 31.3, "inflation": 0, "unemployment": 8.1, "_id": {"$oid": "61a865be24598f41f35a99b3"}}
{"country": {"_id": {"$oid": "61a853fc9abb2b800db796c0"}, "name": "Monaco", "code": "MC", "capital": "Monaco", "province": "Monaco", "area": 1.9, "population": 36845}, "gdp": 5748, "agriculture": 0, "service": 90, "industry": 10, "inflation": 1.5, "unemployment": 2, "_id": {"$oid": "61a865be24598f41f35a99b4"}}
{"country": {"_id": {"$oid": "61a853fc9abb2b800db796c1"}, "name": "Vatican City", "code": "V", "capital": "Vatican City", "province": "Vatican City", "area": 0.44, "population": 826}, "gdp": "", "agriculture": "", "service": "", "industry": "", "inflation": "", "unemployment": "", "_id": {"$oid": "61a865be24598f41f35a99b5"}}
{"country": {"_id": {"$oid": "61a853fc9abb2b800db796c2"}, "name": "Ceuta", "code": "CEU", "capital": "Ceuta", "province": "Ceuta", "area": 18, "population": 82376}, "gdp": "", "agriculture": "", "service": "", "industry": "", "inflation": "", "unemployment": "", "_id": {"$oid": "61a865be24598f41f35a99b6"}}
{"country": {"_id": {"$oid": "61a853fc9abb2b800db796c3"}, "name": "Melilla", "code": "MEL", "capital": "Melilla", "province": "Melilla", "area": 12, "population": 78476}, "gdp": "", "agriculture": "", "service": "", "industry": "", "inflation": "", "unemployment": "", "_id": {"$oid": "61a865be24598f41f35a99b7"}}
{"country": {"_id": {"$oid": "61a853fc9abb2b800db796c4"}, "name": "San Marino", "code": "RSM", "capital": "San Marino", "province": "San Marino", "area": 60, "population": 32440}, "gdp": 1866, "agriculture": 0.1, "service": 60.7, "industry": 39.2, "inflation": 2.8, "unemployment": 7, "_id": {"$oid": "61a865be24598f41f35a99b8"}}
{"country": {"_id": {"$oid": "61a853fc9abb2b800db796c5"}, "name": "Malta", "code": "M", "capital": "Valletta", "province": "Malta", "area": 316, "population": 475800}, "gdp": 9541, "agriculture": 1.4, "service": 73.3, "industry": 25.3, "inflation": 1, "unemployment": 6.4, "_id": {"$oid": "61a865be24598f41f35a99b9"}}
{"country": {"_id": {"$oid": "61a853fc9abb2b800db796c6"}, "name": "Isle of Man", "code": "GBM", "capital": "Douglas", "province": "Isle of Man", "area": 588, "population": 84497}, "gdp": 4076, "agriculture": 1, "service": 88, "industry": 11, "inflation": 5, "unemployment": 2, "_id": {"$oid": "61a865be24598f41f35a99ba"}}
{"country": {"_id": {"$oid": "61a853fc9abb2b800db796c7"}, "name": "Moldova", "code": "MD", "capital": "Chi\u015fin\u0103u", "province": "Moldova", "area": 33700, "population": 3473900}, "gdp": 7932, "agriculture": 13.8, "service": 66.2, "industry": 19.9, "inflation": 4.6, "unemployment": 5.8, "_id": {"$oid": "61a865be24598f41f35a99bb"}}
{"country": {"_id": {"$oid": "61a853fc9abb2b800db796c8"}, "name": "Portugal", "code": "P", "capital": "Lisboa", "province": "Lisboa", "area": 92080, "population": 10561614}, "gdp": 219300, "agriculture": 2.6, "service": 75.2, "industry": 22.2, "inflation": 0.4, "unemployment": 16.8, "_id": {"$oid": "61a865be24598f41f35a99bc"}}
{"country": {"_id": {"$oid": "61a853fc9abb2b800db796c9"}, "name": "Svalbard", "code": "SVA", "capital": "Longyearbyen", "province": "Svalbard", "area": 62049, "population": 2667}, "gdp": "", "agriculture": "", "service": "", "industry": "", "inflation": "", "unemployment": "", "_id": {"$oid": "61a865be24598f41f35a99bd"}}
{"country": {"_id": {"$oid": "61a853fc9abb2b800db796ca"}, "name": "United Kingdom", "code": "GB", "capital": "London", "province": "London", "area": 244820, "population": 64105654}, "gdp": 2490000, "agriculture": 0.7, "service": 78.9, "industry": 20.5, "inflation": 2, "unemployment": 7.2, "_id": {"$oid": "61a865be24598f41f35a99be"}}
{"country": {"_id": {"$oid": "61a853fc9abb2b800db796cb"}, "name": "Gibraltar", "code": "GBZ", "capital": "Gibraltar", "province": "Gibraltar", "area": 6.5, "population": 32577}, "gdp": 1106, "agriculture": 0, "service": 100, "industry": 0, "inflation": 2.8, "unemployment": 3, "_id": {"$oid": "61a865be24598f41f35a99bf"}}
{"country": {"_id": {"$oid": "61a853fc9abb2b800db796cc"}, "name": "Guernsey", "code": "GBG", "capital": "Saint Peter Port", "province": "Guernsey", "area": 194, "population": 64540}, "gdp": 2742, "agriculture": 3, "service": 87, "industry": 10, "inflation": 3.4, "unemployment": 0.9, "_id": {"$oid": "61a865be24598f41f35a99c0"}}
{"country": {"_id": {"$oid": "61a853fc9abb2b800db796cd"}, "name": "Jersey", "code": "GBJ", "capital": "Saint Helier", "province": "Jersey", "area": 117, "population": 97857}, "gdp": 5100, "agriculture": 2, "service": 96, "industry": 2, "inflation": 3.7, "unemployment": 1.7, "_id": {"$oid": "61a865be24598f41f35a99c1"}}
{"country": {"_id": {"$oid": "61a853fc9abb2b800db796ce"}, "name": "Armenia", "code": "ARM", "capital": "Yerevan", "province": "Armenia", "area": 29800, "population": 3026879}, "gdp": 10440, "agriculture": 20.6, "service": 42.1, "industry": 37.3, "inflation": 6.2, "unemployment": 17.3, "_id": {"$oid": "61a865be24598f41f35a99c2"}}
{"country": {"_id": {"$oid": "61a853fc9abb2b800db796cf"}, "name": "Georgia", "code": "GE", "capital": "Tbilisi", "province": "Georgia", "area": 69700, "population": 4010000}, "gdp": 15950, "agriculture": 8.5, "service": 69.9, "industry": 21.6, "inflation": -0.5, "unemployment": 15, "_id": {"$oid": "61a865be24598f41f35a99c3"}}
{"country": {"_id": {"$oid": "61a853fc9abb2b800db796d0"}, "name": "Azerbaijan", "code": "AZ", "capital": "Baku", "province": "Azerbaijan", "area": 86600, "population": 9356500}, "gdp": 76010, "agriculture": 6.2, "service": 30.8, "industry": 63, "inflation": 2.4, "unemployment": 6, "_id": {"$oid": "61a865be24598f41f35a99c4"}}
{"country": {"_id": {"$oid": "61a853fc9abb2b800db796d1"}, "name": "Turkey", "code": "TR", "capital": "Ankara", "province": "Ankara", "area": 780580, "population": 75627384}, "gdp": 821800, "agriculture": 8.9, "service": 63.8, "industry": 27.3, "inflation": 7.6, "unemployment": 9.3, "_id": {"$oid": "61a865be24598f41f35a99c5"}}
{"country": {"_id": {"$oid": "61a853fc9abb2b800db796d2"}, "name": "Lebanon", "code": "RL", "capital": "Bayr\u016bt", "province": "Lebanon", "area": 10400, "population": 4341092}, "gdp": 43490, "agriculture": 4.6, "service": 75.4, "industry": 20, "inflation": 5, "unemployment": "", "_id": {"$oid": "61a865be24598f41f35a99c6"}}
{"country": {"_id": {"$oid": "61a853fc9abb2b800db796d3"}, "name": "West Bank", "code": "WB", "capital": "Ramallah", "province": "West Bank", "area": 5655, "population": 2881687}, "gdp": 3700, "agriculture": 33, "service": 60, "industry": 7, "inflation": 14, "unemployment": "", "_id": {"$oid": "61a865be24598f41f35a99c7"}}
{"country": {"_id": {"$oid": "61a853fc9abb2b800db796d4"}, "name": "Gaza Strip", "code": "GAZA", "capital": "", "province": "", "area": 365, "population": 1899291}, "gdp": 1700, "agriculture": "", "service": "", "industry": "", "inflation": 5.7, "unemployment": "", "_id": {"$oid": "61a865be24598f41f35a99c8"}}
{"country": {"_id": {"$oid": "61a853fc9abb2b800db796d5"}, "name": "Israel", "code": "IL", "capital": "Yerushalayim", "province": "Yerushalayim", "area": 22072, "population": 7420368}, "gdp": 272700, "agriculture": 2.4, "service": 66.4, "industry": 31.2, "inflation": 1.7, "unemployment": 5.8, "_id": {"$oid": "61a865be24598f41f35a99c9"}}
{"country": {"_id": {"$oid": "61a853fc9abb2b800db796d6"}, "name": "Syria", "code": "SYR", "capital": "Dimashq", "province": "Dimashq", "area": 185180, "population": 17070135}, "gdp": 64700, "agriculture": 17.6, "service": 60.2, "industry": 22.2, "inflation": 59.1, "unemployment": 17.8, "_id": {"$oid": "61a865be24598f41f35a99ca"}}
{"country": {"_id": {"$oid": "61a853fc9abb2b800db796d7"}, "name": "Jordan", "code": "JOR", "capital": "Amman", "province": "Jordan", "area": 89213, "population": 9131712}, "gdp": 34080, "agriculture": 3.2, "service": 67, "industry": 29.9, "inflation": 5.9, "unemployment": 14, "_id": {"$oid": "61a865be24598f41f35a99cb"}}
{"country": {"_id": {"$oid": "61a853fc9abb2b800db796d8"}, "name": "Saudi Arabia", "code": "SA", "capital": "Riyadh", "province": "Al-Riyadh", "area": 1960582, "population": 27136977}, "gdp": 718500, "agriculture": 2, "service": 35.5, "industry": 62.5, "inflation": 3.7, "unemployment": 10.5, "_id": {"$oid": "61a865be24598f41f35a99cc"}}
{"country": {"_id": {"$oid": "61a853fc9abb2b800db796d9"}, "name": "Bahrain", "code": "BRN", "capital": "Al Man\u0101mah", "province": "Bahrain", "area": 620, "population": 1234571}, "gdp": 28360, "agriculture": 0.3, "service": 53, "industry": 46.7, "inflation": 3.1, "unemployment": 15, "_id": {"$oid": "61a865be24598f41f35a99cd"}}
{"country": {"_id": {"$oid": "61a853fc9abb2b800db796da"}, "name": "Qatar", "code": "Q", "capital": "Doha", "province": "Qatar", "area": 11000, "population": 2404776}, "gdp": 213100, "agriculture": 0.1, "service": 27.7, "industry": 72.2, "inflation": 3.1, "unemployment": 0.3, "_id": {"$oid": "61a865be24598f41f35a99ce"}}
{"country": {"_id": {"$oid": "61a853fc9abb2b800db796db"}, "name": "United Arab Emirates", "code": "UAE", "capital": "Abu Dhabi", "province": "United Arab Emirates", "area": 75581, "population": 9121167}, "gdp": 390000, "agriculture": 0.6, "service": 38.2, "industry": 61.1, "inflation": 1.3, "unemployment": 2.4, "_id": {"$oid": "61a865be24598f41f35a99cf"}}
{"country": {"_id": {"$oid": "61a853fc9abb2b800db796dc"}, "name": "Oman", "code": "OM", "capital": "Muscat", "province": "Oman", "area": 212460, "population": 4992364}, "gdp": 81950, "agriculture": 1, "service": 34.6, "industry": 64.4, "inflation": 1.6, "unemployment": 15, "_id": {"$oid": "61a865be24598f41f35a99d0"}}
{"country": {"_id": {"$oid": "61a853fc9abb2b800db796dd"}, "name": "Yemen", "code": "YE", "capital": "Sanaa", "province": "Yemen", "area": 527970, "population": 24527000}, "gdp": 43890, "agriculture": 7.7, "service": 61.4, "industry": 30.9, "inflation": 11.8, "unemployment": 35, "_id": {"$oid": "61a865be24598f41f35a99d1"}}
{"country": {"_id": {"$oid": "61a853fc9abb2b800db796de"}, "name": "Kuwait", "code": "KWT", "capital": "Al Kuwayt", "province": "Kuwait", "area": 17820, "population": 2991580}, "gdp": 179500, "agriculture": 0.3, "service": 49.1, "industry": 50.6, "inflation": 2.8, "unemployment": 3.4, "_id": {"$oid": "61a865be24598f41f35a99d2"}}
{"country": {"_id": {"$oid": "61a853fc9abb2b800db796df"}, "name": "Iraq", "code": "IRQ", "capital": "Baghdad", "province": "Baghdad", "area": 437072, "population": 33330512}, "gdp": 221800, "agriculture": 3.3, "service": 32.1, "industry": 64.6, "inflation": 2, "unemployment": 16, "_id": {"$oid": "61a865be24598f41f35a99d3"}}
{"country": {"_id": {"$oid": "61a853fc9abb2b800db796e0"}, "name": "Iran", "code": "IR", "capital": "Tehran", "province": "Tehran", "area": 1648000, "population": 79926270}, "gdp": 411900, "agriculture": 10.6, "service": 44.5, "industry": 44.9, "inflation": 42.3, "unemployment": 16, "_id": {"$oid": "61a865be24598f41f35a99d4"}}
{"country": {"_id": {"$oid": "61a853fc9abb2b800db796e1"}, "name": "Afghanistan", "code": "AFG", "capital": "Kabul", "province": "Afghanistan", "area": 647500, "population": 26023100}, "gdp": 20650, "agriculture": 20, "service": 54.4, "industry": 25.6, "inflation": 6.8, "unemployment": 35, "_id": {"$oid": "61a865be24598f41f35a99d5"}}
{"country": {"_id": {"$oid": "61a853fc9abb2b800db796e2"}, "name": "Turkmenistan", "code": "TM", "capital": "Ashgabat", "province": "Ashgabat", "area": 488100, "population": 6550000}, "gdp": 40560, "agriculture": 7.2, "service": 68.4, "industry": 24.4, "inflation": 9, "unemployment": 60, "_id": {"$oid": "61a865be24598f41f35a99d6"}}
{"country": {"_id": {"$oid": "61a853fc9abb2b800db796e3"}, "name": "Uzbekistan", "code": "UZ", "capital": "Toshkent", "province": "Toshkent City", "area": 447400, "population": 32120500}, "gdp": 55180, "agriculture": 19.1, "service": 48.7, "industry": 32.2, "inflation": 10.1, "unemployment": 4.9, "_id": {"$oid": "61a865be24598f41f35a99d7"}}
{"country": {"_id": {"$oid": "61a853fc9abb2b800db796e4"}, "name": "Tajikistan", "code": "TJ", "capital": "Dushanbe", "province": "Dushanbe", "area": 143100, "population": 8161100}, "gdp": 8513, "agriculture": 21.1, "service": 55.7, "industry": 23.2, "inflation": 3.7, "unemployment": 2.5, "_id": {"$oid": "61a865be24598f41f35a99d8"}}
{"country": {"_id": {"$oid": "61a853fc9abb2b800db796e5"}, "name": "Kyrgyzstan", "code": "KG", "capital": "Bishkek", "province": "Kyrgyzstan", "area": 198500, "population": 6256700}, "gdp": 7234, "agriculture": 20.8, "service": 44.8, "industry": 34.4, "inflation": 6.8, "unemployment": 8.6, "_id": {"$oid": "61a865be24598f41f35a99d9"}}
{"country": {"_id": {"$oid": "61a853fc9abb2b800db796e6"}, "name": "Kazakhstan", "code": "KZ", "capital": "Nur-Sultan", "province": "Astana", "area": 2717300, "population": 17165239}, "gdp": 224900, "agriculture": 5.2, "service": 56.9, "industry": 37.9, "inflation": 5.8, "unemployment": 5.3, "_id": {"$oid": "61a865be24598f41f35a99da"}}
{"country": {"_id": {"$oid": "61a853fc9abb2b800db796e7"}, "name": "Mongolia", "code": "MNG", "capital": "Ulaanbaatar", "province": "Mongolia", "area": 1565000, "population": 2754685}, "gdp": 11140, "agriculture": 16.5, "service": 50.9, "industry": 32.6, "inflation": 8.2, "unemployment": 9, "_id": {"$oid": "61a865be24598f41f35a99db"}}
{"country": {"_id": {"$oid": "61a853fc9abb2b800db796e8"}, "name": "Maldives", "code": "MV", "capital": "Male", "province": "Maldives", "area": 300, "population": 402071}, "gdp": 2270, "agriculture": 3, "service": 80, "industry": 17, "inflation": 5.1, "unemployment": 28, "_id": {"$oid": "61a865be24598f41f35a99dc"}}
{"country": {"_id": {"$oid": "61a853fc9abb2b800db796e9"}, "name": "Pakistan", "code": "PK", "capital": "Islamabad", "province": "FCT Islamabad", "area": 803940, "population": 207776954}, "gdp": 236500, "agriculture": 25.3, "service": 53.1, "industry": 21.6, "inflation": 7.7, "unemployment": 6.6, "_id": {"$oid": "61a865be24598f41f35a99dd"}}
{"country": {"_id": {"$oid": "61a853fc9abb2b800db796ea"}, "name": "India", "code": "IND", "capital": "Delhi", "province": "Delhi", "area": 3287590, "population": 1210854977}, "gdp": 1670000, "agriculture": 17.4, "service": 56.9, "industry": 25.8, "inflation": 9.6, "unemployment": 8.8, "_id": {"$oid": "61a865be24598f41f35a99de"}}
{"country": {"_id": {"$oid": "61a853fc9abb2b800db796eb"}, "name": "Nepal", "code": "NEP", "capital": "Kathmandu", "province": "Nepal", "area": 140800, "population": 26494504}, "gdp": 19340, "agriculture": 36.8, "service": 48.7, "industry": 14.5, "inflation": 6.7, "unemployment": 46, "_id": {"$oid": "61a865be24598f41f35a99df"}}
{"country": {"_id": {"$oid": "61a853fc9abb2b800db796ec"}, "name": "Bhutan", "code": "BHT", "capital": "Thimphu", "province": "Bhutan", "area": 47000, "population": 727145}, "gdp": 2133, "agriculture": 13.8, "service": 45, "industry": 41.2, "inflation": 11, "unemployment": 2.1, "_id": {"$oid": "61a865be24598f41f35a99e0"}}
{"country": {"_id": {"$oid": "61a853fc9abb2b800db796ed"}, "name": "Bangladesh", "code": "BD", "capital": "Dhaka", "province": "Dhaka", "area": 144000, "population": 149772364}, "gdp": 140200, "agriculture": 17.2, "service": 53.9, "industry": 28.9, "inflation": 7.6, "unemployment": 5, "_id": {"$oid": "61a865be24598f41f35a99e1"}}
{"country": {"_id": {"$oid": "61a853fc9abb2b800db796ee"}, "name": "Myanmar", "code": "MYA", "capital": "Nay Pyi Taw", "province": "Nay Pyi Taw", "area": 678500, "population": 51419420}, "gdp": 59430, "agriculture": 38, "service": 41.7, "industry": 20.3, "inflation": 5.7, "unemployment": 5.2, "_id": {"$oid": "61a865be24598f41f35a99e2"}}
{"country": {"_id": {"$oid": "61a853fc9abb2b800db796ef"}, "name": "Sri Lanka", "code": "CL", "capital": "Sri Jayawardhanapura", "province": "Sri Lanka", "area": 65610, "population": 20263723}, "gdp": 65120, "agriculture": 10.6, "service": 57, "industry": 32.4, "inflation": 4.7, "unemployment": 5.1, "_id": {"$oid": "61a865be24598f41f35a99e3"}}
{"country": {"_id": {"$oid": "61a853fc9abb2b800db796f0"}, "name": "China", "code": "CN", "capital": "Beijing", "province": "Beijing", "area": 9596960, "population": 1427647786}, "gdp": 9330000, "agriculture": 10, "service": 46.1, "industry": 43.9, "inflation": 2.6, "unemployment": 4.1, "_id": {"$oid": "61a865be24598f41f35a99e4"}}
{"country": {"_id": {"$oid": "61a853fc9abb2b800db796f1"}, "name": "Taiwan", "code": "RC", "capital": "Taipei", "province": "Taiwan", "area": 36179, "population": 23571227}, "gdp": 484700, "agriculture": 2, "service": 68.6, "industry": 29.4, "inflation": 1.1, "unemployment": 4.1, "_id": {"$oid": "61a865be24598f41f35a99e5"}}
{"country": {"_id": {"$oid": "61a853fc9abb2b800db796f2"}, "name": "Hong Kong", "code": "HK", "capital": "Hong Kong", "province": "Hong Kong", "area": 1092, "population": 7336585}, "gdp": 272100, "agriculture": 0, "service": 93, "industry": 6.9, "inflation": 4.4, "unemployment": 3.1, "_id": {"$oid": "61a865be24598f41f35a99e6"}}
{"country": {"_id": {"$oid": "61a853fc9abb2b800db796f3"}, "name": "Macao", "code": "MACX", "capital": "Macao", "province": "Macao", "area": 16, "population": 650834}, "gdp": 51680, "agriculture": 0, "service": 93.5, "industry": 6.5, "inflation": 5.5, "unemployment": 1.8, "_id": {"$oid": "61a865be24598f41f35a99e7"}}
{"country": {"_id": {"$oid": "61a853fc9abb2b800db796f4"}, "name": "North Korea", "code": "KP", "capital": "Pyongyang", "province": "North Korea", "area": 120540, "population": 24500520}, "gdp": 28000, "agriculture": 23.4, "service": 29.4, "industry": 47.2, "inflation": "", "unemployment": "", "_id": {"$oid": "61a865be24598f41f35a99e8"}}
{"country": {"_id": {"$oid": "61a853fc9abb2b800db796f5"}, "name": "South Korea", "code": "ROK", "capital": "Seoul", "province": "South Korea", "area": 98480, "population": 51269554}, "gdp": 1198000, "agriculture": 2.6, "service": 58.2, "industry": 39.2, "inflation": 1.1, "unemployment": 3.2, "_id": {"$oid": "61a865be24598f41f35a99e9"}}
{"country": {"_id": {"$oid": "61a853fc9abb2b800db796f6"}, "name": "Japan", "code": "J", "capital": "Tokyo", "province": "Tokyo", "area": 377835, "population": 127094745}, "gdp": 5007000, "agriculture": 1.1, "service": 73.2, "industry": 25.6, "inflation": 0.2, "unemployment": 4.1, "_id": {"$oid": "61a865be24598f41f35a99ea"}}
{"country": {"_id": {"$oid": "61a853fc9abb2b800db796f7"}, "name": "Philippines", "code": "RP", "capital": "Manila", "province": "Metro Manila", "area": 299764, "population": 100981437}, "gdp": 272200, "agriculture": 11.2, "service": 57.2, "industry": 31.6, "inflation": 2.8, "unemployment": 7.4, "_id": {"$oid": "61a865be24598f41f35a99eb"}}
{"country": {"_id": {"$oid": "61a853fc9abb2b800db796f8"}, "name": "Vietnam", "code": "VN", "capital": "Hanoi", "province": "Red River Delta", "area": 329560, "population": 88772900}, "gdp": 170000, "agriculture": 19.3, "service": 42.2, "industry": 38.5, "inflation": 6.8, "unemployment": 1.3, "_id": {"$oid": "61a865be24598f41f35a99ec"}}
{"country": {"_id": {"$oid": "61a853fc9abb2b800db796f9"}, "name": "Cambodia", "code": "K", "capital": "Phnom Penh", "province": "Cambodia", "area": 181040, "population": 15288489}, "gdp": 15640, "agriculture": 34.8, "service": 40.7, "industry": 24.5, "inflation": 3.2, "unemployment": 0, "_id": {"$oid": "61a865be24598f41f35a99ed"}}
{"country": {"_id": {"$oid": "61a853fc9abb2b800db796fa"}, "name": "Laos", "code": "LAO", "capital": "Vientiane", "province": "Laos", "area": 236800, "population": 6514432}, "gdp": 10100, "agriculture": 30.5, "service": 37.5, "industry": 32, "inflation": 6.5, "unemployment": 1.9, "_id": {"$oid": "61a865be24598f41f35a99ee"}}
{"country": {"_id": {"$oid": "61a853fc9abb2b800db796fb"}, "name": "Thailand", "code": "THA", "capital": "Bangkok", "province": "Thailand", "area": 514000, "population": 65981659}, "gdp": 400900, "agriculture": 12.1, "service": 44.2, "industry": 43.6, "inflation": 2.2, "unemployment": 0.7, "_id": {"$oid": "61a865be24598f41f35a99ef"}}
{"country": {"_id": {"$oid": "61a853fc9abb2b800db796fc"}, "name": "Malaysia", "code": "MAL", "capital": "Kuala Lumpur", "province": "Kuala Lumpur", "area": 329750, "population": 27565821}, "gdp": 312400, "agriculture": 11.2, "service": 48.1, "industry": 40.6, "inflation": 2.2, "unemployment": 3.1, "_id": {"$oid": "61a865be24598f41f35a99f0"}}
{"country": {"_id": {"$oid": "61a853fc9abb2b800db796fd"}, "name": "Brunei", "code": "BRU", "capital": "Bandar Seri Begawan", "province": "Brunei", "area": 5770, "population": 393372}, "gdp": 16560, "agriculture": 0.7, "service": 28.4, "industry": 70.9, "inflation": 1, "unemployment": 2.6, "_id": {"$oid": "61a865be24598f41f35a99f1"}}
{"country": {"_id": {"$oid": "61a853fc9abb2b800db796fe"}, "name": "Singapore", "code": "SGP", "capital": "Singapore", "province": "Singapore", "area": 632.6, "population": 5076700}, "gdp": 295700, "agriculture": 0, "service": 70.6, "industry": 29.4, "inflation": 2.4, "unemployment": 1.9, "_id": {"$oid": "61a865be24598f41f35a99f2"}}
{"country": {"_id": {"$oid": "61a853fc9abb2b800db796ff"}, "name": "Indonesia", "code": "RI", "capital": "Jakarta", "province": "DKI Jakarta", "area": 1919440, "population": 252124458}, "gdp": 867500, "agriculture": 14.3, "service": 39.1, "industry": 46.6, "inflation": 7.7, "unemployment": 6.6, "_id": {"$oid": "61a865be24598f41f35a99f3"}}
{"country": {"_id": {"$oid": "61a853fc9abb2b800db79700"}, "name": "Timor-Leste", "code": "TL", "capital": "Dili", "province": "Timor-Leste", "area": 15007, "population": 1066582}, "gdp": 6129, "agriculture": 2.6, "service": 15.8, "industry": 81.6, "inflation": 4.5, "unemployment": 18.4, "_id": {"$oid": "61a865be24598f41f35a99f4"}}
{"country": {"_id": {"$oid": "61a853fc9abb2b800db79701"}, "name": "Papua New Guinea", "code": "PNG", "capital": "Port Moresby", "province": "South", "area": 461690, "population": 7275324}, "gdp": 16100, "agriculture": 27.6, "service": 33.3, "industry": 39.1, "inflation": 3.8, "unemployment": 1.9, "_id": {"$oid": "61a865be24598f41f35a99f5"}}
{"country": {"_id": {"$oid": "61a853fc9abb2b800db79702"}, "name": "Solomon Islands", "code": "SOL", "capital": "Honiara", "province": "Solomon Islands", "area": 28450, "population": 515870}, "gdp": 1099, "agriculture": 50, "service": 39.4, "industry": 10.6, "inflation": 2.6, "unemployment": "", "_id": {"$oid": "61a865be24598f41f35a99f6"}}
{"country": {"_id": {"$oid": "61a853fc9abb2b800db79703"}, "name": "Vanuatu", "code": "VU", "capital": "Port Vila", "province": "Vanuatu", "area": 14760, "population": 236299}, "gdp": 828, "agriculture": 22.4, "service": 67.9, "industry": 9.7, "inflation": 1.9, "unemployment": 1.7, "_id": {"$oid": "61a865be24598f41f35a99f7"}}
{"country": {"_id": {"$oid": "61a853fc9abb2b800db79704"}, "name": "New Caledonia", "code": "NCL", "capital": "Noumea", "province": "New Caledonia", "area": 19060, "population": 271407}, "gdp": 9280, "agriculture": 2.1, "service": 67.9, "industry": 30, "inflation": 1.7, "unemployment": 17.1, "_id": {"$oid": "61a865be24598f41f35a99f8"}}
{"country": {"_id": {"$oid": "61a853fc9abb2b800db79705"}, "name": "Australia", "code": "AUS", "capital": "Canberra", "province": "Australia Capital Territory", "area": 7692024, "population": 23135281}, "gdp": 1488000, "agriculture": 3.8, "service": 68.7, "industry": 27.4, "inflation": 2.4, "unemployment": 5.7, "_id": {"$oid": "61a865be24598f41f35a99f9"}}
{"country": {"_id": {"$oid": "61a853fc9abb2b800db79706"}, "name": "Christmas Island", "code": "XMAS", "capital": "Flying Fish Cove", "province": "Christmas Island", "area": 135, "population": 1843}, "gdp": "", "agriculture": "", "service": "", "industry": "", "inflation": "", "unemployment": "", "_id": {"$oid": "61a865be24598f41f35a99fa"}}
{"country": {"_id": {"$oid": "61a853fc9abb2b800db79707"}, "name": "Cocos Islands", "code": "COCO", "capital": "West Island", "province": "Cocos Islands", "area": 14, "population": 544}, "gdp": "", "agriculture": "", "service": "", "industry": "", "inflation": "", "unemployment": "", "_id": {"$oid": "61a865be24598f41f35a99fb"}}
{"country": {"_id": {"$oid": "61a853fc9abb2b800db79708"}, "name": "Norfolk Island", "code": "NORF", "capital": "Kingston", "province": "Norfolk Island", "area": 34.6, "population": 1748}, "gdp": "", "agriculture": "", "service": "", "industry": "", "inflation": "", "unemployment": "", "_id": {"$oid": "61a865be24598f41f35a99fc"}}
{"country": {"_id": {"$oid": "61a853fc9abb2b800db79709"}, "name": "New Zealand", "code": "NZ", "capital": "Wellington", "province": "New Zealand", "area": 268680, "population": 4242048}, "gdp": 181100, "agriculture": 5, "service": 69.5, "industry": 25.5, "inflation": 1.3, "unemployment": 6.4, "_id": {"$oid": "61a865be24598f41f35a99fd"}}
{"country": {"_id": {"$oid": "61a853fc9abb2b800db7970a"}, "name": "Palau", "code": "PAL", "capital": "Ngerulmud", "province": "Palau", "area": 458, "population": 17501}, "gdp": 221, "agriculture": 3.2, "service": 76.8, "industry": 20, "inflation": 2.7, "unemployment": 4.2, "_id": {"$oid": "61a865be24598f41f35a99fe"}}
{"country": {"_id": {"$oid": "61a853fc9abb2b800db7970b"}, "name": "Northern Mariana Islands", "code": "NMIS", "capital": "Saipan", "province": "Northern Mariana Islands", "area": 477, "population": 53883}, "gdp": 733, "agriculture": 1.7, "service": 95, "industry": 3.3, "inflation": -2.7, "unemployment": 11.2, "_id": {"$oid": "61a865be24598f41f35a99ff"}}
{"country": {"_id": {"$oid": "61a853fc9abb2b800db7970c"}, "name": "Guam", "code": "GUAM", "capital": "Hag\u00e5t\u00f1a", "province": "Guam", "area": 545, "population": 159358}, "gdp": 4600, "agriculture": "", "service": "", "industry": "", "inflation": 4, "unemployment": 8.2, "_id": {"$oid": "61a865be24598f41f35a9a00"}}
{"country": {"_id": {"$oid": "61a853fc9abb2b800db7970d"}, "name": "Micronesia", "code": "FSM", "capital": "Palikir", "province": "Micronesia", "area": 702, "population": 102843}, "gdp": 339, "agriculture": 14, "service": 74, "industry": 12, "inflation": 3.4, "unemployment": 22, "_id": {"$oid": "61a865be24598f41f35a9a01"}}
{"country": {"_id": {"$oid": "61a853fc9abb2b800db7970e"}, "name": "Marshall Islands", "code": "MH", "capital": "Majuro", "province": "Marshall Islands", "area": 181.3, "population": 53158}, "gdp": 193, "agriculture": 14.3, "service": 71.8, "industry": 13.9, "inflation": 12.9, "unemployment": 36, "_id": {"$oid": "61a865be24598f41f35a9a02"}}
{"country": {"_id": {"$oid": "61a853fc9abb2b800db7970f"}, "name": "Nauru", "code": "NAU", "capital": "Yaren", "province": "Nauru", "area": 21, "population": 10025}, "gdp": 100, "agriculture": 6.1, "service": 60.8, "industry": 33, "inflation": -3.6, "unemployment": 90, "_id": {"$oid": "61a865be24598f41f35a9a03"}}
{"country": {"_id": {"$oid": "61a853fc9abb2b800db79710"}, "name": "Kiribati", "code": "KIR", "capital": "Tarawa", "province": "Kiribati", "area": 717, "population": 110136}, "gdp": 173, "agriculture": 24.3, "service": 67.8, "industry": 7.9, "inflation": 0.2, "unemployment": 2, "_id": {"$oid": "61a865be24598f41f35a9a04"}}
{"country": {"_id": {"$oid": "61a853fc9abb2b800db79711"}, "name": "Tuvalu", "code": "TUV", "capital": "Funafuti", "province": "Tuvalu", "area": 26, "population": 11192}, "gdp": 38, "agriculture": 16.6, "service": 56.2, "industry": 27.2, "inflation": 3.8, "unemployment": "", "_id": {"$oid": "61a865be24598f41f35a9a05"}}
{"country": {"_id": {"$oid": "61a853fc9abb2b800db79712"}, "name": "Tokelau", "code": "TOK", "capital": "Fakaofo", "province": "Tokelau", "area": 12, "population": 1499}, "gdp": 1.5, "agriculture": "", "service": "", "industry": "", "inflation": "", "unemployment": "", "_id": {"$oid": "61a865be24598f41f35a9a06"}}
{"country": {"_id": {"$oid": "61a853fc9abb2b800db79713"}, "name": "Samoa", "code": "WS", "capital": "Apia", "province": "Samoa", "area": 2860, "population": 194320}, "gdp": 705, "agriculture": 10.2, "service": 64, "industry": 25.9, "inflation": 2.7, "unemployment": "", "_id": {"$oid": "61a865be24598f41f35a9a07"}}
{"country": {"_id": {"$oid": "61a853fc9abb2b800db79714"}, "name": "American Samoa", "code": "AMSA", "capital": "Pago Pago", "province": "American Samoa", "area": 199, "population": 55519}, "gdp": 462.2, "agriculture": "", "service": "", "industry": "", "inflation": "", "unemployment": 29.8, "_id": {"$oid": "61a865be24598f41f35a9a08"}}
{"country": {"_id": {"$oid": "61a853fc9abb2b800db79715"}, "name": "Wallis and Futuna", "code": "WF", "capital": "Mata-Utu", "province": "Wallis and Futuna", "area": 274, "population": 11558}, "gdp": 60, "agriculture": "", "service": "", "industry": "", "inflation": 2.8, "unemployment": 12.2, "_id": {"$oid": "61a865be24598f41f35a9a09"}}
{"country": {"_id": {"$oid": "61a853fc9abb2b800db79716"}, "name": "Fiji", "code": "FJI", "capital": "Suva", "province": "Fiji", "area": 18270, "population": 884887}, "gdp": 4218, "agriculture": 11.7, "service": 70.2, "industry": 18.1, "inflation": 3, "unemployment": 7.6, "_id": {"$oid": "61a865be24598f41f35a9a0a"}}
{"country": {"_id": {"$oid": "61a853fc9abb2b800db79717"}, "name": "Tonga", "code": "TO", "capital": "Nukualofa", "province": "Tonga", "area": 748, "population": 100651}, "gdp": 477, "agriculture": 20.9, "service": 57.2, "industry": 21.9, "inflation": 2, "unemployment": 13, "_id": {"$oid": "61a865be24598f41f35a9a0b"}}
{"country": {"_id": {"$oid": "61a853fc9abb2b800db79718"}, "name": "Niue", "code": "NIUE", "capital": "Alofi", "province": "Niue", "area": 260, "population": 1611}, "gdp": 10, "agriculture": 23.5, "service": 49.5, "industry": 26.9, "inflation": 4, "unemployment": 12, "_id": {"$oid": "61a865be24598f41f35a9a0c"}}
{"country": {"_id": {"$oid": "61a853fc9abb2b800db79719"}, "name": "Cook Islands", "code": "COOK", "capital": "Avarua", "province": "Cook Islands", "area": 240, "population": 17459}, "gdp": 183.2, "agriculture": 5.1, "service": 82.1, "industry": 12.7, "inflation": 2.2, "unemployment": 13.1, "_id": {"$oid": "61a865be24598f41f35a9a0d"}}
{"country": {"_id": {"$oid": "61a853fc9abb2b800db7971a"}, "name": "French Polynesia", "code": "FPOL", "capital": "Papeete", "province": "French Polynesia", "area": 4167, "population": 275918}, "gdp": 5650, "agriculture": 3.1, "service": 76.9, "industry": 20, "inflation": 1.1, "unemployment": 11.7, "_id": {"$oid": "61a865be24598f41f35a9a0e"}}
{"country": {"_id": {"$oid": "61a853fc9abb2b800db7971b"}, "name": "Pitcairn", "code": "PITC", "capital": "Adamstown", "province": "Pitcairn", "area": 47, "population": 50}, "gdp": "", "agriculture": "", "service": "", "industry": "", "inflation": "", "unemployment": "", "_id": {"$oid": "61a865be24598f41f35a9a0f"}}
{"country": {"_id": {"$oid": "61a853fc9abb2b800db7971c"}, "name": "Egypt", "code": "ET", "capital": "Al Qahirah", "province": "Egypt", "area": 1001450, "population": 94798827}, "gdp": 262000, "agriculture": 14.5, "service": 48, "industry": 37.5, "inflation": 9, "unemployment": 13.4, "_id": {"$oid": "61a865be24598f41f35a9a10"}}
{"country": {"_id": {"$oid": "61a853fc9abb2b800db7971d"}, "name": "Libya", "code": "LAR", "capital": "Tripoli", "province": "Libya", "area": 1759540, "population": 6040612}, "gdp": 70920, "agriculture": 2, "service": 39.7, "industry": 58.3, "inflation": 3.2, "unemployment": 30, "_id": {"$oid": "61a865be24598f41f35a9a11"}}
{"country": {"_id": {"$oid": "61a853fc9abb2b800db7971e"}, "name": "Tunisia", "code": "TN", "capital": "Tunis", "province": "Tunisia", "area": 163610, "population": 10982754}, "gdp": 48380, "agriculture": 8.6, "service": 61, "industry": 30.4, "inflation": 6.1, "unemployment": 17.2, "_id": {"$oid": "61a865be24598f41f35a9a12"}}
{"country": {"_id": {"$oid": "61a853fc9abb2b800db7971f"}, "name": "Algeria", "code": "DZ", "capital": "Algiers", "province": "Algeria", "area": 2381740, "population": 37062820}, "gdp": 215700, "agriculture": 9.4, "service": 28, "industry": 62.6, "inflation": 3.9, "unemployment": 10.3, "_id": {"$oid": "61a865be24598f41f35a9a13"}}
{"country": {"_id": {"$oid": "61a853fc9abb2b800db79720"}, "name": "Morocco", "code": "MA", "capital": "Rabat", "province": "Rabat Sale Zemmour Zaer", "area": 446550, "population": 33337529}, "gdp": 104800, "agriculture": 15.1, "service": 53.2, "industry": 31.7, "inflation": 2.5, "unemployment": 9.5, "_id": {"$oid": "61a865be24598f41f35a9a14"}}
{"country": {"_id": {"$oid": "61a853fc9abb2b800db79721"}, "name": "Western Sahara", "code": "WSA", "capital": "El Aaiun", "province": "Western Sahara", "area": 266000, "population": 554795}, "gdp": "", "agriculture": "", "service": "", "industry": "", "inflation": "", "unemployment": "", "_id": {"$oid": "61a865be24598f41f35a9a15"}}
{"country": {"_id": {"$oid": "61a853fc9abb2b800db79722"}, "name": "Mali", "code": "RMM", "capital": "Bamako", "province": "Bamako", "area": 1240000, "population": 14528622}, "gdp": 11370, "agriculture": 38.5, "service": 37, "industry": 24.4, "inflation": 0.1, "unemployment": 30, "_id": {"$oid": "61a865be24598f41f35a9a16"}}
{"country": {"_id": {"$oid": "61a853fc9abb2b800db79723"}, "name": "Mauritania", "code": "RIM", "capital": "Nouakchott", "province": "Nouakchott", "area": 1030700, "population": 3537368}, "gdp": 4183, "agriculture": 16.9, "service": 28.5, "industry": 54.6, "inflation": 4.6, "unemployment": 30, "_id": {"$oid": "61a865be24598f41f35a9a17"}}
{"country": {"_id": {"$oid": "61a853fc9abb2b800db79724"}, "name": "Senegal", "code": "SN", "capital": "Dakar", "province": "Dakar", "area": 196190, "population": 13508715}, "gdp": 15360, "agriculture": 14.9, "service": 62.4, "industry": 22.7, "inflation": 0.8, "unemployment": 48, "_id": {"$oid": "61a865be24598f41f35a9a18"}}
{"country": {"_id": {"$oid": "61a853fc9abb2b800db79725"}, "name": "Gambia", "code": "WAG", "capital": "Banjul", "province": "Gambia", "area": 11300, "population": 1882450}, "gdp": 896, "agriculture": 19.7, "service": 67.7, "industry": 12.6, "inflation": 6, "unemployment": "", "_id": {"$oid": "61a865be24598f41f35a9a19"}}
{"country": {"_id": {"$oid": "61a853fc9abb2b800db79726"}, "name": "Guinea-Bissau", "code": "GUB", "capital": "Bissau", "province": "Guinea-Bissau", "area": 36120, "population": 1586624}, "gdp": 880, "agriculture": 58, "service": 28.5, "industry": 13.5, "inflation": 1.9, "unemployment": "", "_id": {"$oid": "61a865be24598f41f35a9a1a"}}
{"country": {"_id": {"$oid": "61a853fc9abb2b800db79727"}, "name": "Guinea", "code": "RG", "capital": "Conakry", "province": "Guinea", "area": 245860, "population": 10628972}, "gdp": 6544, "agriculture": 22.9, "service": 30.5, "industry": 46.5, "inflation": 11.9, "unemployment": "", "_id": {"$oid": "61a865be24598f41f35a9a1b"}}
{"country": {"_id": {"$oid": "61a853fc9abb2b800db79728"}, "name": "Sierra Leone", "code": "SLE", "capital": "Freetown", "province": "Sierra Leone", "area": 71740, "population": 5743725}, "gdp": 4607, "agriculture": 47.9, "service": 33.5, "industry": 18.6, "inflation": 11.1, "unemployment": "", "_id": {"$oid": "61a865be24598f41f35a9a1c"}}
{"country": {"_id": {"$oid": "61a853fc9abb2b800db79729"}, "name": "Liberia", "code": "LB", "capital": "Monrovia", "province": "Liberia", "area": 111370, "population": 3957990}, "gdp": 1977, "agriculture": 76.9, "service": 17.7, "industry": 5.4, "inflation": 5.2, "unemployment": 85, "_id": {"$oid": "61a865be24598f41f35a9a1d"}}
{"country": {"_id": {"$oid": "61a853fc9abb2b800db7972a"}, "name": "Burkina Faso", "code": "BF", "capital": "Ouagadougou", "province": "Burkina Faso", "area": 274200, "population": 17322796}, "gdp": 12130, "agriculture": 33.6, "service": 42.8, "industry": 23.6, "inflation": 2.1, "unemployment": 77, "_id": {"$oid": "61a865be24598f41f35a9a1e"}}
{"country": {"_id": {"$oid": "61a853fc9abb2b800db7972b"}, "name": "Cote d''Ivoire", "code": "CI", "capital": "Yamoussoukro", "province": "Yamoussoukro", "area": 322460, "population": 22671331}, "gdp": 28280, "agriculture": 26.3, "service": 52.4, "industry": 21.3, "inflation": 2.9, "unemployment": "", "_id": {"$oid": "61a865be24598f41f35a9a1f"}}
{"country": {"_id": {"$oid": "61a853fc9abb2b800db7972c"}, "name": "Ghana", "code": "GH", "capital": "Accra", "province": "Greater Accra", "area": 238540, "population": 24658823}, "gdp": 45550, "agriculture": 21.5, "service": 49.8, "industry": 28.7, "inflation": 11, "unemployment": 11, "_id": {"$oid": "61a865be24598f41f35a9a20"}}
{"country": {"_id": {"$oid": "61a853fc9abb2b800db7972d"}, "name": "Togo", "code": "RT", "capital": "Lom\u00e9", "province": "Togo", "area": 56790, "population": 6191155}, "gdp": 4299, "agriculture": 27.6, "service": 38.7, "industry": 33.7, "inflation": 2.2, "unemployment": "", "_id": {"$oid": "61a865be24598f41f35a9a21"}}
{"country": {"_id": {"$oid": "61a853fc9abb2b800db7972e"}, "name": "Benin", "code": "BEN", "capital": "Porto-Novo", "province": "Benin", "area": 112620, "population": 9983884}, "gdp": 8359, "agriculture": 31.6, "service": 55.6, "industry": 12.9, "inflation": 2.4, "unemployment": "", "_id": {"$oid": "61a865be24598f41f35a9a22"}}
{"country": {"_id": {"$oid": "61a853fc9abb2b800db7972f"}, "name": "Nigeria", "code": "NGR", "capital": "Abuja", "province": "Abuja", "area": 923770, "population": 193392500}, "gdp": 502000, "agriculture": 30.9, "service": 26, "industry": 43, "inflation": 8.7, "unemployment": 23.9, "_id": {"$oid": "61a865be24598f41f35a9a23"}}
{"country": {"_id": {"$oid": "61a853fc9abb2b800db79730"}, "name": "Niger", "code": "RN", "capital": "Niamey", "province": "Niamey", "area": 1267000, "population": 17138707}, "gdp": 7304, "agriculture": 35.2, "service": 50.6, "industry": 14.2, "inflation": 1.9, "unemployment": "", "_id": {"$oid": "61a865be24598f41f35a9a24"}}
{"country": {"_id": {"$oid": "61a853fc9abb2b800db79731"}, "name": "Chad", "code": "TCH", "capital": "N''Djamena", "province": "Chad", "area": 1284000, "population": 11720781}, "gdp": 13590, "agriculture": 46.3, "service": 43.8, "industry": 9.9, "inflation": 4.5, "unemployment": "", "_id": {"$oid": "61a865be24598f41f35a9a25"}}
{"country": {"_id": {"$oid": "61a853fc9abb2b800db79732"}, "name": "Sudan", "code": "SUD", "capital": "Khartoum", "province": "Al-Khar\u1e6d\u016bm", "area": 1840687, "population": 40782700}, "gdp": 52500, "agriculture": 27.4, "service": 39, "industry": 33.6, "inflation": 25, "unemployment": 20, "_id": {"$oid": "61a865be24598f41f35a9a26"}}
{"country": {"_id": {"$oid": "61a853fc9abb2b800db79733"}, "name": "South Sudan", "code": "SSD", "capital": "Juba", "province": "South Sudan", "area": 644329, "population": 8260490}, "gdp": 11770, "agriculture": "", "service": "", "industry": "", "inflation": 1.7, "unemployment": "", "_id": {"$oid": "61a865be24598f41f35a9a27"}}
{"country": {"_id": {"$oid": "61a853fc9abb2b800db79734"}, "name": "Central African Republic", "code": "RCA", "capital": "Bangui", "province": "Central African Republic", "area": 622980, "population": 4349921}, "gdp": 2050, "agriculture": 56.6, "service": 28.9, "industry": 14.5, "inflation": 7, "unemployment": 8, "_id": {"$oid": "61a865be24598f41f35a9a28"}}
{"country": {"_id": {"$oid": "61a853fc9abb2b800db79735"}, "name": "Cameroon", "code": "CAM", "capital": "Yaound\u00e9", "province": "Centre", "area": 475440, "population": 19406100}, "gdp": 27880, "agriculture": 20.6, "service": 52.1, "industry": 27.3, "inflation": 2.6, "unemployment": 30, "_id": {"$oid": "61a865be24598f41f35a9a29"}}
{"country": {"_id": {"$oid": "61a853fc9abb2b800db79736"}, "name": "Equatorial Guinea", "code": "GQ", "capital": "Malabo", "province": "Insular", "area": 28050, "population": 1222442}, "gdp": 17080, "agriculture": 4.6, "service": 8.1, "industry": 87.3, "inflation": 6, "unemployment": 22.3, "_id": {"$oid": "61a865be24598f41f35a9a2a"}}
{"country": {"_id": {"$oid": "61a853fc9abb2b800db79737"}, "name": "Gabon", "code": "G", "capital": "Libreville", "province": "Gabon", "area": 267670, "population": 1811079}, "gdp": 19970, "agriculture": 3.6, "service": 32.5, "industry": 63.9, "inflation": 1.2, "unemployment": 21, "_id": {"$oid": "61a865be24598f41f35a9a2b"}}
{"country": {"_id": {"$oid": "61a853fc9abb2b800db79738"}, "name": "Congo", "code": "RCB", "capital": "Brazzaville", "province": "Brazzaville", "area": 342000, "population": 4001831}, "gdp": 14250, "agriculture": 3.3, "service": 22.9, "industry": 73.9, "inflation": 1.7, "unemployment": 53, "_id": {"$oid": "61a865be24598f41f35a9a2c"}}
{"country": {"_id": {"$oid": "61a853fc9abb2b800db79739"}, "name": "Congo, Dem.Rep.", "code": "CGO", "capital": "Kinshasa", "province": "Kinshasa", "area": 2345410, "population": 86026000}, "gdp": 18560, "agriculture": 44.3, "service": 34, "industry": 21.7, "inflation": 7.1, "unemployment": "", "_id": {"$oid": "61a865be24598f41f35a9a2d"}}
{"country": {"_id": {"$oid": "61a853fc9abb2b800db7973a"}, "name": "Angola", "code": "ANG", "capital": "Luanda", "province": "Luanda", "area": 1246700, "population": 25789024}, "gdp": 124000, "agriculture": 10.2, "service": 28.4, "industry": 61.4, "inflation": 8.9, "unemployment": "", "_id": {"$oid": "61a865be24598f41f35a9a2e"}}
{"country": {"_id": {"$oid": "61a853fc9abb2b800db7973b"}, "name": "Namibia", "code": "NAM", "capital": "Windhoek", "province": "Namibia", "area": 825418, "population": 2113077}, "gdp": 12300, "agriculture": 7.7, "service": 62.6, "industry": 29.6, "inflation": 5.5, "unemployment": 27.4, "_id": {"$oid": "61a865be24598f41f35a9a2f"}}
{"country": {"_id": {"$oid": "61a853fc9abb2b800db7973c"}, "name": "Botswana", "code": "RB", "capital": "Gaborone", "province": "Botswana", "area": 600370, "population": 2038228}, "gdp": 15530, "agriculture": 1.9, "service": 62.4, "industry": 35.7, "inflation": 6.1, "unemployment": 17.8, "_id": {"$oid": "61a865be24598f41f35a9a30"}}
{"country": {"_id": {"$oid": "61a853fc9abb2b800db7973d"}, "name": "South Africa", "code": "RSA", "capital": "Tshwane", "province": "Gauteng", "area": 1219912, "population": 51770560}, "gdp": 353900, "agriculture": 2.6, "service": 68.4, "industry": 29, "inflation": 5.8, "unemployment": 24.9, "_id": {"$oid": "61a865be24598f41f35a9a31"}}
{"country": {"_id": {"$oid": "61a853fc9abb2b800db7973e"}, "name": "Lesotho", "code": "LS", "capital": "Maseru", "province": "Lesotho", "area": 30350, "population": 2007201}, "gdp": 2457, "agriculture": 7.4, "service": 58.2, "industry": 34.5, "inflation": 5, "unemployment": 25, "_id": {"$oid": "61a865be24598f41f35a9a32"}}
{"country": {"_id": {"$oid": "61a853fc9abb2b800db7973f"}, "name": "Eswatini", "code": "SD", "capital": "Mbabane", "province": "Eswatini", "area": 17360, "population": 1193148}, "gdp": 3807, "agriculture": 7.6, "service": 44.6, "industry": 47.8, "inflation": 6.1, "unemployment": 40, "_id": {"$oid": "61a865be24598f41f35a9a33"}}
{"country": {"_id": {"$oid": "61a853fc9abb2b800db79740"}, "name": "Mozambique", "code": "MOC", "capital": "Maputo", "province": "Cidade de Maputo", "area": 801590, "population": 23700715}, "gdp": 14670, "agriculture": 28.7, "service": 46.4, "industry": 24.9, "inflation": 4.4, "unemployment": 17, "_id": {"$oid": "61a865be24598f41f35a9a34"}}
{"country": {"_id": {"$oid": "61a853fc9abb2b800db79741"}, "name": "Zimbabwe", "code": "ZW", "capital": "Harare", "province": "Zimbabwe", "area": 390580, "population": 13061239}, "gdp": 10480, "agriculture": 20.1, "service": 54.5, "industry": 25.4, "inflation": 8.5, "unemployment": 95, "_id": {"$oid": "61a865be24598f41f35a9a35"}}
{"country": {"_id": {"$oid": "61a853fc9abb2b800db79742"}, "name": "Zambia", "code": "Z", "capital": "Lusaka", "province": "Lusaka", "area": 752610, "population": 13092666}, "gdp": 22240, "agriculture": 19.8, "service": 46.5, "industry": 33.8, "inflation": 7.1, "unemployment": 15, "_id": {"$oid": "61a865be24598f41f35a9a36"}}
{"country": {"_id": {"$oid": "61a853fc9abb2b800db79743"}, "name": "Malawi", "code": "MW", "capital": "Lilongwe", "province": "Malawi", "area": 118480, "population": 17563749}, "gdp": 3683, "agriculture": 29.4, "service": 51.7, "industry": 18.9, "inflation": 12.2, "unemployment": "", "_id": {"$oid": "61a865be24598f41f35a9a37"}}
{"country": {"_id": {"$oid": "61a853fc9abb2b800db79744"}, "name": "Tanzania", "code": "EAT", "capital": "Dodoma", "province": "Dodoma", "area": 945090, "population": 44928923}, "gdp": 31940, "agriculture": 27.6, "service": 47.4, "industry": 25, "inflation": 7.8, "unemployment": "", "_id": {"$oid": "61a865be24598f41f35a9a38"}}
{"country": {"_id": {"$oid": "61a853fc9abb2b800db79745"}, "name": "Burundi", "code": "BI", "capital": "Gitega", "province": "Burundi", "area": 27830, "population": 8444784}, "gdp": 2676, "agriculture": 34.4, "service": 47.2, "industry": 18.4, "inflation": 9.3, "unemployment": "", "_id": {"$oid": "61a865be24598f41f35a9a39"}}
{"country": {"_id": {"$oid": "61a853fc9abb2b800db79746"}, "name": "Rwanda", "code": "RWA", "capital": "Kigali", "province": "Rwanda", "area": 26340, "population": 10515973}, "gdp": 7700, "agriculture": 31.9, "service": 53.3, "industry": 14.8, "inflation": 5.9, "unemployment": "", "_id": {"$oid": "61a865be24598f41f35a9a3a"}}
{"country": {"_id": {"$oid": "61a853fc9abb2b800db79747"}, "name": "Uganda", "code": "EAU", "capital": "Kampala", "province": "Central", "area": 236040, "population": 34634650}, "gdp": 22600, "agriculture": 23.1, "service": 50, "industry": 26.9, "inflation": 6.2, "unemployment": "", "_id": {"$oid": "61a865be24598f41f35a9a3b"}}
{"country": {"_id": {"$oid": "61a853fc9abb2b800db79748"}, "name": "Kenya", "code": "EAK", "capital": "Nairobi", "province": "Kenya", "area": 582650, "population": 40909194}, "gdp": 45310, "agriculture": 29.3, "service": 53.3, "industry": 17.4, "inflation": 5.8, "unemployment": 40, "_id": {"$oid": "61a865be24598f41f35a9a3c"}}
{"country": {"_id": {"$oid": "61a853fc9abb2b800db79749"}, "name": "Somalia", "code": "SO", "capital": "Mogadishu", "province": "Somalia", "area": 637660, "population": 11000000}, "gdp": 2372, "agriculture": 59.3, "service": 33.5, "industry": 7.2, "inflation": "", "unemployment": "", "_id": {"$oid": "61a865be24598f41f35a9a3d"}}
{"country": {"_id": {"$oid": "61a853fc9abb2b800db7974a"}, "name": "Djibouti", "code": "DJI", "capital": "Djibouti", "province": "Djibouti", "area": 22000, "population": 834036}, "gdp": 1459, "agriculture": 3, "service": 79.7, "industry": 17.3, "inflation": 2.5, "unemployment": 59, "_id": {"$oid": "61a865be24598f41f35a9a3e"}}
{"country": {"_id": {"$oid": "61a853fc9abb2b800db7974b"}, "name": "Ethiopia", "code": "ETH", "capital": "Addis Ababa", "province": "Addis Ababa", "area": 1127127, "population": 84320987}, "gdp": 47340, "agriculture": 47, "service": 42.2, "industry": 10.8, "inflation": 8.4, "unemployment": 17.5, "_id": {"$oid": "61a865be24598f41f35a9a3f"}}
{"country": {"_id": {"$oid": "61a853fc9abb2b800db7974c"}, "name": "Eritrea", "code": "ER", "capital": "Asmara", "province": "Eritrea", "area": 121320, "population": 5741159}, "gdp": 3438, "agriculture": 11.7, "service": 61.4, "industry": 26.9, "inflation": 13, "unemployment": "", "_id": {"$oid": "61a865be24598f41f35a9a40"}}
{"country": {"_id": {"$oid": "61a853fc9abb2b800db7974d"}, "name": "Cape Verde", "code": "CV", "capital": "Praia", "province": "Cape Verde", "area": 4033, "population": 491875}, "gdp": 1955, "agriculture": 9.3, "service": 71.9, "industry": 18.8, "inflation": 1.9, "unemployment": 21, "_id": {"$oid": "61a865be24598f41f35a9a41"}}
{"country": {"_id": {"$oid": "61a853fc9abb2b800db7974e"}, "name": "Sao Tome and Principe", "code": "STP", "capital": "S\u00e3o Tom\u00e9", "province": "Sao Tome and Principe", "area": 1001, "population": 187356}, "gdp": 311, "agriculture": 13.7, "service": 66.8, "industry": 19.5, "inflation": 8.7, "unemployment": "", "_id": {"$oid": "61a865be24598f41f35a9a42"}}
{"country": {"_id": {"$oid": "61a853fc9abb2b800db7974f"}, "name": "Seychelles", "code": "SY", "capital": "Victoria", "province": "Seychelles", "area": 455, "population": 90945}, "gdp": 1271, "agriculture": 2, "service": 79.4, "industry": 18.7, "inflation": 4.3, "unemployment": 2, "_id": {"$oid": "61a865be24598f41f35a9a43"}}
{"country": {"_id": {"$oid": "61a853fc9abb2b800db79750"}, "name": "Comoros", "code": "COM", "capital": "Moroni", "province": "Comoros", "area": 2170, "population": 683081}, "gdp": 658, "agriculture": 51, "service": 39, "industry": 10, "inflation": 2.5, "unemployment": 20, "_id": {"$oid": "61a865be24598f41f35a9a44"}}
{"country": {"_id": {"$oid": "61a853fc9abb2b800db79751"}, "name": "Mayotte", "code": "MAYO", "capital": "Mamoutzou", "province": "Mayotte", "area": 374, "population": 256518}, "gdp": 953.6, "agriculture": "", "service": "", "industry": "", "inflation": "", "unemployment": "", "_id": {"$oid": "61a865be24598f41f35a9a45"}}
{"country": {"_id": {"$oid": "61a853fc9abb2b800db79752"}, "name": "Madagascar", "code": "RM", "capital": "Antananarivo", "province": "Madagascar", "area": 587041, "population": 21842167}, "gdp": 10530, "agriculture": 27.3, "service": 56.3, "industry": 16.4, "inflation": 8.8, "unemployment": "", "_id": {"$oid": "61a865be24598f41f35a9a46"}}
{"country": {"_id": {"$oid": "61a853fc9abb2b800db79753"}, "name": "Mauritius", "code": "MS", "capital": "Port Louis", "province": "Mauritius", "area": 2040, "population": 1237091}, "gdp": 11900, "agriculture": 4.5, "service": 73.4, "industry": 22, "inflation": 3.5, "unemployment": 8.3, "_id": {"$oid": "61a865be24598f41f35a9a47"}}
{"country": {"_id": {"$oid": "61a853fc9abb2b800db79754"}, "name": "Reunion", "code": "REUN", "capital": "Saint-Denis", "province": "Reunion", "area": 2510, "population": 828581}, "gdp": 2900, "agriculture": "", "service": "", "industry": "", "inflation": "", "unemployment": "", "_id": {"$oid": "61a865be24598f41f35a9a48"}}
{"country": {"_id": {"$oid": "61a853fc9abb2b800db79755"}, "name": "Saint Helena", "code": "HELX", "capital": "Jamestown", "province": "Saint Helena", "area": 391, "population": 4577}, "gdp": 18, "agriculture": "", "service": "", "industry": "", "inflation": "", "unemployment": "", "_id": {"$oid": "61a865be24598f41f35a9a49"}}
{"country": {"_id": {"$oid": "61a853fc9abb2b800db79756"}, "name": "Greenland", "code": "GL", "capital": "Nuuk", "province": "Greenland", "area": 2175600, "population": 56370}, "gdp": 2160, "agriculture": 4, "service": 67, "industry": 29, "inflation": 2.8, "unemployment": 9.4, "_id": {"$oid": "61a865be24598f41f35a9a4a"}}
{"country": {"_id": {"$oid": "61a853fc9abb2b800db79757"}, "name": "Saint Pierre and Miquelon", "code": "SPMI", "capital": "Saint-Pierre", "province": "Saint Pierre and Miquelon", "area": 242, "population": 6008}, "gdp": 215.3, "agriculture": 2, "service": 83, "industry": 15, "inflation": 4.5, "unemployment": 9.9, "_id": {"$oid": "61a865be24598f41f35a9a4b"}}
{"country": {"_id": {"$oid": "61a853fc9abb2b800db79758"}, "name": "Bermuda", "code": "BERM", "capital": "Hamilton", "province": "Bermuda", "area": 53.3, "population": 61178}, "gdp": 5600, "agriculture": 0.7, "service": 93.5, "industry": 5.7, "inflation": 1.8, "unemployment": 8, "_id": {"$oid": "61a865be24598f41f35a9a4c"}}
{"country": {"_id": {"$oid": "61a853fc9abb2b800db79759"}, "name": "Canada", "code": "CDN", "capital": "Ottawa", "province": "Ontario", "area": 9976140, "population": 35151728}, "gdp": 1825000, "agriculture": 1.7, "service": 69.9, "industry": 28.4, "inflation": 1, "unemployment": 7.1, "_id": {"$oid": "61a865be24598f41f35a9a4d"}}
{"country": {"_id": {"$oid": "61a853fc9abb2b800db7975a"}, "name": "United States", "code": "USA", "capital": "Washington", "province": "District of Columbia", "area": 9372610, "population": 318857056}, "gdp": 16720000, "agriculture": 1.1, "service": 79.4, "industry": 19.5, "inflation": 1.5, "unemployment": 7.3, "_id": {"$oid": "61a865be24598f41f35a9a4e"}}
{"country": {"_id": {"$oid": "61a853fc9abb2b800db7975b"}, "name": "Mexico", "code": "MEX", "capital": "Ciudad de M\u00e9xico", "province": "Distrito Federal", "area": 1972550, "population": 112336538}, "gdp": 1327000, "agriculture": 3.6, "service": 59.8, "industry": 36.6, "inflation": 4, "unemployment": 4.9, "_id": {"$oid": "61a865be24598f41f35a9a4f"}}
{"country": {"_id": {"$oid": "61a853fc9abb2b800db7975c"}, "name": "Belize", "code": "BZ", "capital": "Belmopan", "province": "Belize", "area": 22960, "population": 312971}, "gdp": 1637, "agriculture": 13, "service": 64, "industry": 23, "inflation": 1.3, "unemployment": 15.5, "_id": {"$oid": "61a865be24598f41f35a9a50"}}
{"country": {"_id": {"$oid": "61a853fc9abb2b800db7975d"}, "name": "Guatemala", "code": "GCA", "capital": "Ciudad de Guatemala", "province": "Guatemala", "area": 108890, "population": 15073375}, "gdp": 53900, "agriculture": 13.5, "service": 62.7, "industry": 23.8, "inflation": 4.4, "unemployment": 4.1, "_id": {"$oid": "61a865be24598f41f35a9a51"}}
{"country": {"_id": {"$oid": "61a853fc9abb2b800db7975e"}, "name": "El Salvador", "code": "ES", "capital": "San Salvador", "province": "El Salvador", "area": 21040, "population": 6290420}, "gdp": 24670, "agriculture": 10.3, "service": 60.1, "industry": 29.5, "inflation": 0.9, "unemployment": 6.3, "_id": {"$oid": "61a865be24598f41f35a9a52"}}
{"country": {"_id": {"$oid": "61a853fc9abb2b800db7975f"}, "name": "Honduras", "code": "HN", "capital": "Tegucigalpa", "province": "Francisco Moraz\u00e1n", "area": 112090, "population": 8045990}, "gdp": 18880, "agriculture": 14, "service": 57.8, "industry": 28.2, "inflation": 5.2, "unemployment": 4.5, "_id": {"$oid": "61a865be24598f41f35a9a53"}}
{"country": {"_id": {"$oid": "61a853fc9abb2b800db79760"}, "name": "Nicaragua", "code": "NIC", "capital": "Managua", "province": "Nicaragua", "area": 129494, "population": 6327927}, "gdp": 11260, "agriculture": 17.1, "service": 57.5, "industry": 25.5, "inflation": 5.7, "unemployment": 7.2, "_id": {"$oid": "61a865be24598f41f35a9a54"}}
{"country": {"_id": {"$oid": "61a853fc9abb2b800db79761"}, "name": "Costa Rica", "code": "CR", "capital": "San Jos\u00e9", "province": "San Jos\u00e9", "area": 51100, "population": 4773119}, "gdp": 48510, "agriculture": 6.2, "service": 72.5, "industry": 21.3, "inflation": 5.6, "unemployment": 7.9, "_id": {"$oid": "61a865be24598f41f35a9a55"}}
{"country": {"_id": {"$oid": "61a853fc9abb2b800db79762"}, "name": "Panama", "code": "PA", "capital": "Panam\u00e1 City", "province": "Panam\u00e1", "area": 78200, "population": 3405813}, "gdp": 40620, "agriculture": 3.7, "service": 78.4, "industry": 17.9, "inflation": 4.1, "unemployment": 4.5, "_id": {"$oid": "61a865be24598f41f35a9a56"}}
{"country": {"_id": {"$oid": "61a853fc9abb2b800db79763"}, "name": "Bahamas", "code": "BS", "capital": "Nassau", "province": "Bahamas", "area": 13940, "population": 353658}, "gdp": 8373, "agriculture": 2.1, "service": 90.8, "industry": 7.1, "inflation": 1, "unemployment": 16.2, "_id": {"$oid": "61a865be24598f41f35a9a57"}}
{"country": {"_id": {"$oid": "61a853fc9abb2b800db79764"}, "name": "Turks and Caicos Islands", "code": "TUCA", "capital": "Grand Turk", "province": "Turks and Caicos Islands", "area": 430, "population": 53700}, "gdp": 216, "agriculture": 1, "service": 76.5, "industry": 22.5, "inflation": 2.5, "unemployment": 10, "_id": {"$oid": "61a865be24598f41f35a9a58"}}
{"country": {"_id": {"$oid": "61a853fc9abb2b800db79765"}, "name": "Cayman Islands", "code": "CAYM", "capital": "George Town", "province": "Cayman Islands", "area": 262, "population": 61944}, "gdp": 2250, "agriculture": 0.3, "service": 72.3, "industry": 27.4, "inflation": 1.8, "unemployment": 4, "_id": {"$oid": "61a865be24598f41f35a9a59"}}
{"country": {"_id": {"$oid": "61a853fc9abb2b800db79766"}, "name": "Cuba", "code": "C", "capital": "La Habana", "province": "La Habana", "area": 110860, "population": 11167325}, "gdp": 72300, "agriculture": 3.8, "service": 73.9, "industry": 22.3, "inflation": 6, "unemployment": 4.3, "_id": {"$oid": "61a865be24598f41f35a9a5a"}}
{"country": {"_id": {"$oid": "61a853fc9abb2b800db79767"}, "name": "Jamaica", "code": "JA", "capital": "Kingston", "province": "Jamaica", "area": 10991, "population": 2697983}, "gdp": 14390, "agriculture": 6.5, "service": 64.1, "industry": 29.4, "inflation": 9.4, "unemployment": 16.3, "_id": {"$oid": "61a865be24598f41f35a9a5b"}}
{"country": {"_id": {"$oid": "61a853fc9abb2b800db79768"}, "name": "Haiti", "code": "RH", "capital": "Port-au-Prince", "province": "Haiti", "area": 27750, "population": 10788000}, "gdp": 8287, "agriculture": 24.1, "service": 56, "industry": 19.9, "inflation": 6.3, "unemployment": 40.6, "_id": {"$oid": "61a865be24598f41f35a9a5c"}}
{"country": {"_id": {"$oid": "61a853fc9abb2b800db79769"}, "name": "Dominican Republic", "code": "DOM", "capital": "Santo Domingo", "province": "Dominican Republic", "area": 48730, "population": 9445281}, "gdp": 59270, "agriculture": 6, "service": 64.9, "industry": 29.1, "inflation": 5, "unemployment": 15, "_id": {"$oid": "61a865be24598f41f35a9a5d"}}
{"country": {"_id": {"$oid": "61a853fc9abb2b800db7976a"}, "name": "Puerto Rico", "code": "PR", "capital": "San Juan", "province": "Puerto Rico", "area": 8870, "population": 3725789}, "gdp": 93520, "agriculture": 0.7, "service": 50.5, "industry": 48.8, "inflation": 0.9, "unemployment": 16, "_id": {"$oid": "61a865be24598f41f35a9a5e"}}
{"country": {"_id": {"$oid": "61a853fc9abb2b800db7976b"}, "name": "Virgin Islands", "code": "VIRG", "capital": "Charlotte Amalie", "province": "Virgin Islands", "area": 346, "population": 106405}, "gdp": 1200, "agriculture": 1, "service": 80, "industry": 19, "inflation": 2.2, "unemployment": 6.2, "_id": {"$oid": "61a865be24598f41f35a9a5f"}}
{"country": {"_id": {"$oid": "61a853fc9abb2b800db7976c"}, "name": "British Virgin Islands", "code": "BVI", "capital": "Road Town", "province": "British Virgin Islands", "area": 153, "population": 28054}, "gdp": 1095, "agriculture": 1.1, "service": 87.2, "industry": 11.7, "inflation": 1.6, "unemployment": 8.7, "_id": {"$oid": "61a865be24598f41f35a9a60"}}
{"country": {"_id": {"$oid": "61a853fc9abb2b800db7976d"}, "name": "Anguilla", "code": "AXA", "capital": "The Valley", "province": "Anguilla", "area": 102, "population": 13452}, "gdp": 175.4, "agriculture": 2.5, "service": 73.8, "industry": 23.6, "inflation": 3.1, "unemployment": 8, "_id": {"$oid": "61a865be24598f41f35a9a61"}}
{"country": {"_id": {"$oid": "61a853fc9abb2b800db7976e"}, "name": "Saint Martin", "code": "SMAR", "capital": "Marigot", "province": "Saint Martin", "area": 54, "population": 36286}, "gdp": 561.5, "agriculture": 1, "service": 84, "industry": 15, "inflation": "", "unemployment": "", "_id": {"$oid": "61a865be24598f41f35a9a62"}}
{"country": {"_id": {"$oid": "61a853fc9abb2b800db7976f"}, "name": "Sint Maarten", "code": "SX", "capital": "Philipsburg", "province": "Sint Maarten", "area": 34, "population": 40535}, "gdp": 794.7, "agriculture": 0.4, "service": 81.3, "industry": 18.3, "inflation": 4, "unemployment": 12, "_id": {"$oid": "61a865be24598f41f35a9a63"}}
{"country": {"_id": {"$oid": "61a853fc9abb2b800db79770"}, "name": "Saint Barthelemy", "code": "SBAR", "capital": "Gustavia", "province": "Saint Barthelemy", "area": 21, "population": 9131}, "gdp": "", "agriculture": "", "service": "", "industry": "", "inflation": "", "unemployment": "", "_id": {"$oid": "61a865be24598f41f35a9a64"}}
{"country": {"_id": {"$oid": "61a853fc9abb2b800db79771"}, "name": "Saint Kitts and Nevis", "code": "KN", "capital": "Basseterre", "province": "Saint Kitts and Nevis", "area": 269, "population": 46398}, "gdp": 767, "agriculture": 1.8, "service": 75.1, "industry": 23.1, "inflation": 2.2, "unemployment": 4.5, "_id": {"$oid": "61a865be24598f41f35a9a65"}}
{"country": {"_id": {"$oid": "61a853fc9abb2b800db79772"}, "name": "Antigua and Barbuda", "code": "AG", "capital": "St. John''s", "province": "Antigua and Barbuda", "area": 442, "population": 81799}, "gdp": 1220, "agriculture": 2.2, "service": 81.4, "industry": 16.4, "inflation": 3, "unemployment": 11, "_id": {"$oid": "61a865be24598f41f35a9a66"}}
{"country": {"_id": {"$oid": "61a853fc9abb2b800db79773"}, "name": "Montserrat", "code": "MNTS", "capital": "Plymouth", "province": "Montserrat", "area": 102, "population": 4922}, "gdp": 29, "agriculture": 1.6, "service": 75.1, "industry": 23.2, "inflation": 4.5, "unemployment": 6, "_id": {"$oid": "61a865be24598f41f35a9a67"}}
{"country": {"_id": {"$oid": "61a853fc9abb2b800db79774"}, "name": "Guadeloupe", "code": "GUAD", "capital": "Basse-Terre", "province": "Guadeloupe", "area": 1628, "population": 394110}, "gdp": 3700, "agriculture": 6, "service": 85, "industry": 9, "inflation": 3.7, "unemployment": "", "_id": {"$oid": "61a865be24598f41f35a9a68"}}
{"country": {"_id": {"$oid": "61a853fc9abb2b800db79775"}, "name": "Dominica", "code": "WD", "capital": "Roseau", "province": "Dominica", "area": 746, "population": 70739}, "gdp": 495, "agriculture": 15.7, "service": 68.7, "industry": 15.6, "inflation": 1.8, "unemployment": 23, "_id": {"$oid": "61a865be24598f41f35a9a69"}}
{"country": {"_id": {"$oid": "61a853fc9abb2b800db79776"}, "name": "Martinique", "code": "MART", "capital": "Fort-de-France", "province": "Martinique", "area": 1128, "population": 385551}, "gdp": 3950, "agriculture": 6, "service": 83, "industry": 11, "inflation": 3.9, "unemployment": "", "_id": {"$oid": "61a865be24598f41f35a9a6a"}}
{"country": {"_id": {"$oid": "61a853fc9abb2b800db79777"}, "name": "Saint Lucia", "code": "WL", "capital": "Castries", "province": "Saint Lucia", "area": 620, "population": 165595}, "gdp": 1377, "agriculture": 3.1, "service": 79.5, "industry": 17.4, "inflation": 5.3, "unemployment": 20, "_id": {"$oid": "61a865be24598f41f35a9a6b"}}
{"country": {"_id": {"$oid": "61a853fc9abb2b800db79778"}, "name": "Barbados", "code": "BDS", "capital": "Bridgetown", "province": "Barbados", "area": 430, "population": 277821}, "gdp": 4262, "agriculture": 3.1, "service": 83, "industry": 13.9, "inflation": 2.1, "unemployment": 11.4, "_id": {"$oid": "61a865be24598f41f35a9a6c"}}
{"country": {"_id": {"$oid": "61a853fc9abb2b800db79779"}, "name": "Saint Vincent and the Grenadines", "code": "WV", "capital": "Kingstown", "province": "Saint Vincent and the Grenadines", "area": 389, "population": 109991}, "gdp": 742, "agriculture": 5.4, "service": 74.4, "industry": 20.3, "inflation": 2.8, "unemployment": 18.8, "_id": {"$oid": "61a865be24598f41f35a9a6d"}}
{"country": {"_id": {"$oid": "61a853fc9abb2b800db7977a"}, "name": "Grenada", "code": "WG", "capital": "Saint George''s", "province": "Grenada", "area": 344, "population": 103328}, "gdp": 811, "agriculture": 5.6, "service": 78.5, "industry": 15.8, "inflation": 2.4, "unemployment": 33.5, "_id": {"$oid": "61a865be24598f41f35a9a6e"}}
{"country": {"_id": {"$oid": "61a853fc9abb2b800db7977b"}, "name": "Trinidad and Tobago", "code": "TT", "capital": "Port-of-Spain", "province": "Trinidad and Tobago", "area": 5130, "population": 1328019}, "gdp": 27130, "agriculture": 0.3, "service": 42, "industry": 57.7, "inflation": 5.4, "unemployment": 5.9, "_id": {"$oid": "61a865be24598f41f35a9a6f"}}
{"country": {"_id": {"$oid": "61a853fc9abb2b800db7977c"}, "name": "Bonaire", "code": "NLB", "capital": "Kralendijk", "province": "Bonaire", "area": 294, "population": 20104}, "gdp": "", "agriculture": "", "service": "", "industry": "", "inflation": "", "unemployment": "", "_id": {"$oid": "61a865be24598f41f35a9a70"}}
{"country": {"_id": {"$oid": "61a853fc9abb2b800db7977d"}, "name": "Curacao", "code": "CUR", "capital": "Willemstad", "province": "Curacao", "area": 444, "population": 150563}, "gdp": 5600, "agriculture": 0.7, "service": 83.8, "industry": 15.5, "inflation": 3.2, "unemployment": 13, "_id": {"$oid": "61a865be24598f41f35a9a71"}}
{"country": {"_id": {"$oid": "61a853fc9abb2b800db7977e"}, "name": "Aruba", "code": "ARU", "capital": "Oranjestad", "province": "Aruba", "area": 193, "population": 101484}, "gdp": 2516, "agriculture": 0.4, "service": 66.3, "industry": 33.3, "inflation": -2, "unemployment": 6.9, "_id": {"$oid": "61a865be24598f41f35a9a72"}}
{"country": {"_id": {"$oid": "61a853fc9abb2b800db7977f"}, "name": "Venezuela", "code": "YV", "capital": "Caracas", "province": "Distrito Federal", "area": 912050, "population": 28946101}, "gdp": 367500, "agriculture": 3.7, "service": 60.8, "industry": 35.5, "inflation": 56.2, "unemployment": 7.9, "_id": {"$oid": "61a865be24598f41f35a9a73"}}
{"country": {"_id": {"$oid": "61a853fc9abb2b800db79780"}, "name": "Guyana", "code": "GUY", "capital": "Georgetown", "province": "Guyana", "area": 214970, "population": 747884}, "gdp": 3020, "agriculture": 20.7, "service": 40.8, "industry": 38.5, "inflation": 3.9, "unemployment": 11, "_id": {"$oid": "61a865be24598f41f35a9a74"}}
{"country": {"_id": {"$oid": "61a853fc9abb2b800db79781"}, "name": "Suriname", "code": "SME", "capital": "Paramaribo", "province": "Suriname", "area": 163270, "population": 541638}, "gdp": 5009, "agriculture": 8.9, "service": 54.5, "industry": 36.6, "inflation": 4.2, "unemployment": 9, "_id": {"$oid": "61a865be24598f41f35a9a75"}}
{"country": {"_id": {"$oid": "61a853fc9abb2b800db79782"}, "name": "French Guiana", "code": "FGU", "capital": "Cayenne", "province": "French Guiana", "area": 83534, "population": 268700}, "gdp": 800, "agriculture": "", "service": "", "industry": "", "inflation": 2.5, "unemployment": "", "_id": {"$oid": "61a865be24598f41f35a9a76"}}
{"country": {"_id": {"$oid": "61a853fc9abb2b800db79783"}, "name": "Colombia", "code": "CO", "capital": "Bogot\u00e1", "province": "Santa Fe de Bogot\u00e1", "area": 1138910, "population": 47661787}, "gdp": 369200, "agriculture": 6.6, "service": 55.6, "industry": 37.8, "inflation": 2.2, "unemployment": 9.7, "_id": {"$oid": "61a865be24598f41f35a9a77"}}
{"country": {"_id": {"$oid": "61a853fc9abb2b800db79784"}, "name": "Ecuador", "code": "EC", "capital": "Quito", "province": "Ecuador", "area": 283560, "population": 14483499}, "gdp": 91410, "agriculture": 5.9, "service": 59, "industry": 35.1, "inflation": 2.6, "unemployment": 4.2, "_id": {"$oid": "61a865be24598f41f35a9a78"}}
{"country": {"_id": {"$oid": "61a853fc9abb2b800db79785"}, "name": "Peru", "code": "PE", "capital": "Lima", "province": "Lima City", "area": 1285220, "population": 30135875}, "gdp": 210300, "agriculture": 6.2, "service": 56.3, "industry": 37.5, "inflation": 2.9, "unemployment": 3.6, "_id": {"$oid": "61a865be24598f41f35a9a79"}}
{"country": {"_id": {"$oid": "61a853fc9abb2b800db79786"}, "name": "Bolivia", "code": "BOL", "capital": "La Paz", "province": "La Paz", "area": 1098580, "population": 10027262}, "gdp": 30790, "agriculture": 9.2, "service": 52.3, "industry": 38.5, "inflation": 6.5, "unemployment": 7.4, "_id": {"$oid": "61a865be24598f41f35a9a7a"}}
{"country": {"_id": {"$oid": "61a853fc9abb2b800db79787"}, "name": "Chile", "code": "RCH", "capital": "Santiago", "province": "Santiago", "area": 756950, "population": 16341929}, "gdp": 281700, "agriculture": 3.6, "service": 61, "industry": 35.4, "inflation": 1.7, "unemployment": 6, "_id": {"$oid": "61a865be24598f41f35a9a7b"}}
{"country": {"_id": {"$oid": "61a853fc9abb2b800db79788"}, "name": "Argentina", "code": "RA", "capital": "Buenos Aires", "province": "Distrito Federal", "area": 2766890, "population": 42669500}, "gdp": 484600, "agriculture": 9.3, "service": 61, "industry": 29.7, "inflation": 20.8, "unemployment": 7.5, "_id": {"$oid": "61a865be24598f41f35a9a7c"}}
{"country": {"_id": {"$oid": "61a853fc9abb2b800db79789"}, "name": "Paraguay", "code": "PY", "capital": "Asunci\u00f3n", "province": "Paraguay", "area": 406750, "population": 6672631}, "gdp": 30560, "agriculture": 20.4, "service": 61.9, "industry": 17.7, "inflation": 2.3, "unemployment": 6.6, "_id": {"$oid": "61a865be24598f41f35a9a7d"}}
{"country": {"_id": {"$oid": "61a853fc9abb2b800db7978a"}, "name": "Uruguay", "code": "ROU", "capital": "Montevideo", "province": "Uruguay", "area": 176220, "population": 3286314}, "gdp": 57110, "agriculture": 7.5, "service": 71, "industry": 21.5, "inflation": 8.3, "unemployment": 6.5, "_id": {"$oid": "61a865be24598f41f35a9a7e"}}
{"country": {"_id": {"$oid": "61a853fc9abb2b800db7978b"}, "name": "Brazil", "code": "BR", "capital": "Bras\u00edlia", "province": "Distrito Federal", "area": 8511965, "population": 202768562}, "gdp": 2190000, "agriculture": 5.5, "service": 68.1, "industry": 26.4, "inflation": 6.2, "unemployment": 5.7, "_id": {"$oid": "61a865be24598f41f35a9a7f"}}
{"country": {"_id": {"$oid": "61a853fc9abb2b800db7978c"}, "name": "Falkland Islands", "code": "FALK", "capital": "Stanley", "province": "Falkland Islands", "area": 12173, "population": 3398}, "gdp": 164.5, "agriculture": 95, "service": "", "industry": "", "inflation": 1.2, "unemployment": 4.1, "_id": {"$oid": "61a865be24598f41f35a9a80"}}
