{"country": {"_id": {"$oid": "61a853fc9abb2b800db79698"}, "name": "Albania", "code": "AL", "capital": "Tirana", "province": "Albania", "area": 28750, "population": 2821977}, "independence": "28-NOV-12", "wasdependent": "Ottoman Empire", "dependent": "", "government": "parliamentary democracy", "_id": {"$oid": "61a864b2f535c0d43ebee14a"}}
{"country": {"_id": {"$oid": "61a853fc9abb2b800db79699"}, "name": "Greece", "code": "GR", "capital": "Athina", "province": "Attikis", "area": 131940, "population": 10816286}, "independence": "01-JAN-29", "wasdependent": "Ottoman Empire", "dependent": "", "government": "parliamentary republic", "_id": {"$oid": "61a864b2f535c0d43ebee14b"}}
{"country": {"_id": {"$oid": "61a853fc9abb2b800db7969a"}, "name": "Cyprus", "code": "CY", "capital": "Lefkosia", "province": "Cyprus", "area": 9251, "population": 1133803}, "independence": "16-AUG-60", "wasdependent": "GB", "dependent": "", "government": "republic", "_id": {"$oid": "61a864b2f535c0d43ebee14c"}}
{"country": {"_id": {"$oid": "61a853fc9abb2b800db7969b"}, "name": "North Macedonia", "code": "MK", "capital": "Skopje", "province": "North Macedonia", "area": 25333, "population": 2059794}, "independence": "17-SEP-91", "wasdependent": "Yugoslavia", "dependent": "", "government": "parliamentary democracy", "_id": {"$oid": "61a864b2f535c0d43ebee14d"}}
{"country": {"_id": {"$oid": "61a853fc9abb2b800db7969c"}, "name": "Serbia", "code": "SRB", "capital": "Beograd", "province": "Serbia", "area": 77474, "population": 7120666}, "independence": "11-APR-92", "wasdependent": "Yugoslavia", "dependent": "", "government": "republic", "_id": {"$oid": "61a864b2f535c0d43ebee14e"}}
{"country": {"_id": {"$oid": "61a853fc9abb2b800db7969d"}, "name": "Montenegro", "code": "MNE", "capital": "Podgorica", "province": "Montenegro", "area": 14026, "population": 620029}, "independence": "03-JUN-06", "wasdependent": "SRB", "dependent": "", "government": "republic", "_id": {"$oid": "61a864b2f535c0d43ebee14f"}}
{"country": {"_id": {"$oid": "61a853fc9abb2b800db7969e"}, "name": "Kosovo", "code": "KOS", "capital": "Prishtine", "province": "Kosovo", "area": 10887, "population": 1733872}, "independence": "17-FEB-08", "wasdependent": "SRB", "dependent": "", "government": "republic", "_id": {"$oid": "61a864b2f535c0d43ebee150"}}
{"country": {"_id": {"$oid": "61a853fc9abb2b800db7969f"}, "name": "Andorra", "code": "AND", "capital": "Andorra la Vella", "province": "Andorra", "area": 450, "population": 78115}, "independence": "08-SEP-78", "wasdependent": "", "dependent": "", "government": "parliamentary democracy that retains as its chiefs of state a co-principality", "_id": {"$oid": "61a864b2f535c0d43ebee151"}}
{"country": {"_id": {"$oid": "61a853fc9abb2b800db796a0"}, "name": "France", "code": "F", "capital": "Paris", "province": "\u00cele-de-France", "area": 547030, "population": 64300821}, "independence": "", "wasdependent": "", "dependent": "", "government": "republic", "_id": {"$oid": "61a864b2f535c0d43ebee152"}}
{"country": {"_id": {"$oid": "61a853fc9abb2b800db796a1"}, "name": "Spain", "code": "E", "capital": "Madrid", "province": "Madrid", "area": 504750, "population": 46815916}, "independence": "01-JAN-92", "wasdependent": "", "dependent": "", "government": "parliamentary monarchy", "_id": {"$oid": "61a864b2f535c0d43ebee153"}}
{"country": {"_id": {"$oid": "61a853fc9abb2b800db796a2"}, "name": "Czech Republic", "code": "CZ", "capital": "Praha", "province": "Praha", "area": 78703, "population": 10562214}, "independence": "01-JAN-93", "wasdependent": "Czechoslovakia", "dependent": "", "government": "parliamentary democracy", "_id": {"$oid": "61a864b2f535c0d43ebee154"}}
{"country": {"_id": {"$oid": "61a853fc9abb2b800db796a3"}, "name": "Slovakia", "code": "SK", "capital": "Bratislava", "province": "Bratislavsk\u00fd", "area": 48845, "population": 5397036}, "independence": "01-JAN-93", "wasdependent": "Czechoslovakia", "dependent": "", "government": "parliamentary democracy", "_id": {"$oid": "61a864b2f535c0d43ebee155"}}
{"country": {"_id": {"$oid": "61a853fc9abb2b800db796a4"}, "name": "Germany", "code": "D", "capital": "Berlin", "province": "Berlin", "area": 356910, "population": 82521653}, "independence": "18-JAN-71", "wasdependent": "", "dependent": "", "government": "federal republic", "_id": {"$oid": "61a864b2f535c0d43ebee156"}}
{"country": {"_id": {"$oid": "61a853fc9abb2b800db796a5"}, "name": "Hungary", "code": "H", "capital": "Budapest", "province": "Budapest", "area": 93030, "population": 9937628}, "independence": "18-NOV-18", "wasdependent": "Austria-Hungary", "dependent": "", "government": "parliamentary democracy", "_id": {"$oid": "61a864b2f535c0d43ebee157"}}
{"country": {"_id": {"$oid": "61a853fc9abb2b800db796a6"}, "name": "Italy", "code": "I", "capital": "Roma", "province": "Lazio", "area": 301230, "population": 59433744}, "independence": "17-MAR-61", "wasdependent": "", "dependent": "", "government": "republic", "_id": {"$oid": "61a864b2f535c0d43ebee158"}}
{"country": {"_id": {"$oid": "61a853fc9abb2b800db796a7"}, "name": "Switzerland", "code": "CH", "capital": "Bern", "province": "Bern", "area": 41290, "population": 8139631}, "independence": "01-JAN-91", "wasdependent": "", "dependent": "", "government": "formally a confederation but similar in structure to a federal republic", "_id": {"$oid": "61a864b2f535c0d43ebee159"}}
{"country": {"_id": {"$oid": "61a853fc9abb2b800db796a8"}, "name": "Liechtenstein", "code": "FL", "capital": "Vaduz", "province": "Liechtenstein", "area": 160, "population": 36149}, "independence": "12-JUL-06", "wasdependent": "Holy Roman Empire", "dependent": "", "government": "hereditary constitutional monarchy", "_id": {"$oid": "61a864b2f535c0d43ebee15a"}}
{"country": {"_id": {"$oid": "61a853fc9abb2b800db796a9"}, "name": "Austria", "code": "A", "capital": "Wien", "province": "Wien", "area": 83850, "population": 8499759}, "independence": "12-NOV-18", "wasdependent": "Austria-Hungary", "dependent": "", "government": "federal republic", "_id": {"$oid": "61a864b2f535c0d43ebee15b"}}
{"country": {"_id": {"$oid": "61a853fc9abb2b800db796aa"}, "name": "Estonia", "code": "EST", "capital": "Tallinn", "province": "Estonia", "area": 45100, "population": 1294455}, "independence": "06-SEP-91", "wasdependent": "Soviet Union", "dependent": "", "government": "parliamentary republic", "_id": {"$oid": "61a864b2f535c0d43ebee15c"}}
{"country": {"_id": {"$oid": "61a853fc9abb2b800db796ab"}, "name": "Latvia", "code": "LV", "capital": "R\u012bga", "province": "Latvia", "area": 64100, "population": 2201196}, "independence": "06-SEP-91", "wasdependent": "Soviet Union", "dependent": "", "government": "parliamentary democracy", "_id": {"$oid": "61a864b2f535c0d43ebee15d"}}
{"country": {"_id": {"$oid": "61a853fc9abb2b800db796ac"}, "name": "Lithuania", "code": "LT", "capital": "Vilnius", "province": "Lithuania", "area": 65200, "population": 2979310}, "independence": "06-SEP-91", "wasdependent": "Soviet Union", "dependent": "", "government": "parliamentary democracy", "_id": {"$oid": "61a864b2f535c0d43ebee15e"}}
{"country": {"_id": {"$oid": "61a853fc9abb2b800db796ad"}, "name": "Belarus", "code": "BY", "capital": "Minsk", "province": "Minsk City", "area": 207600, "population": 9460692}, "independence": "25-AUG-91", "wasdependent": "Soviet Union", "dependent": "", "government": "republic in name, although in fact a dictatorship", "_id": {"$oid": "61a864b2f535c0d43ebee15f"}}
{"country": {"_id": {"$oid": "61a853fc9abb2b800db796ae"}, "name": "Poland", "code": "PL", "capital": "Warszawa", "province": "Mazowieckie", "area": 312683, "population": 38533789}, "independence": "11-NOV-18", "wasdependent": "", "dependent": "", "government": "republic", "_id": {"$oid": "61a864b2f535c0d43ebee160"}}
{"country": {"_id": {"$oid": "61a853fc9abb2b800db796af"}, "name": "Ukraine", "code": "UA", "capital": "Ky\u00efv", "province": "Ky\u00efv", "area": 603700, "population": 45633637}, "independence": "01-DEC-91", "wasdependent": "Soviet Union", "dependent": "", "government": "republic", "_id": {"$oid": "61a864b2f535c0d43ebee161"}}
{"country": {"_id": {"$oid": "61a853fc9abb2b800db796b0"}, "name": "Russia", "code": "R", "capital": "Moskva", "province": "Moscow", "area": 17075200, "population": 143666931}, "independence": "24-AUG-91", "wasdependent": "Soviet Union", "dependent": "", "government": "federation", "_id": {"$oid": "61a864b2f535c0d43ebee162"}}
{"country": {"_id": {"$oid": "61a853fc9abb2b800db796b1"}, "name": "Belgium", "code": "B", "capital": "Bruxelles", "province": "Bruxelles", "area": 30510, "population": 11099554}, "independence": "04-OCT-30", "wasdependent": "NL", "dependent": "", "government": "federal parliamentary democracy under a constitutional monarchy", "_id": {"$oid": "61a864b2f535c0d43ebee163"}}
{"country": {"_id": {"$oid": "61a853fc9abb2b800db796b2"}, "name": "Luxembourg", "code": "L", "capital": "Luxembourg", "province": "Luxembourg", "area": 2586, "population": 524853}, "independence": "24-NOV-90", "wasdependent": "NL", "dependent": "", "government": "constitutional monarchy", "_id": {"$oid": "61a864b2f535c0d43ebee164"}}
{"country": {"_id": {"$oid": "61a853fc9abb2b800db796b3"}, "name": "Netherlands", "code": "NL", "capital": "Amsterdam", "province": "Noord-Holland", "area": 37330, "population": 16843181}, "independence": "01-JAN-79", "wasdependent": "E", "dependent": "", "government": "constitutional monarchy", "_id": {"$oid": "61a864b2f535c0d43ebee165"}}
{"country": {"_id": {"$oid": "61a853fc9abb2b800db796b4"}, "name": "Slovenia", "code": "SLO", "capital": "Ljubljana", "province": "Slovenia", "area": 20256, "population": 2058821}, "independence": "25-JUN-91", "wasdependent": "Yugoslavia", "dependent": "", "government": "parliamentary republic", "_id": {"$oid": "61a864b2f535c0d43ebee166"}}
{"country": {"_id": {"$oid": "61a853fc9abb2b800db796b5"}, "name": "Croatia", "code": "HR", "capital": "Zagreb", "province": "Croatia", "area": 56538, "population": 4290612}, "independence": "25-JUN-91", "wasdependent": "Yugoslavia", "dependent": "", "government": "parliamentary democracy", "_id": {"$oid": "61a864b2f535c0d43ebee167"}}
{"country": {"_id": {"$oid": "61a853fc9abb2b800db796b6"}, "name": "Bosnia and Herzegovina", "code": "BIH", "capital": "Sarajevo", "province": "Federacija Bosne i Hercegovine", "area": 51233, "population": 3791622}, "independence": "01-APR-92", "wasdependent": "Yugoslavia", "dependent": "", "government": "emerging federal democratic republic", "_id": {"$oid": "61a864b2f535c0d43ebee168"}}
{"country": {"_id": {"$oid": "61a853fc9abb2b800db796b7"}, "name": "Bulgaria", "code": "BG", "capital": "Sofia", "province": "Bulgaria", "area": 110910, "population": 7351234}, "independence": "22-SEP-08", "wasdependent": "Ottoman Empire", "dependent": "", "government": "parliamentary democracy", "_id": {"$oid": "61a864b2f535c0d43ebee169"}}
{"country": {"_id": {"$oid": "61a853fc9abb2b800db796b8"}, "name": "Romania", "code": "RO", "capital": "Bucure\u015fti", "province": "Bucure\u015fti", "area": 237500, "population": 20121641}, "independence": "09-MAY-77", "wasdependent": "Ottoman Empire", "dependent": "", "government": "republic", "_id": {"$oid": "61a864b2f535c0d43ebee16a"}}
{"country": {"_id": {"$oid": "61a853fc9abb2b800db796b9"}, "name": "Denmark", "code": "DK", "capital": "Copenhagen", "province": "Hovedstaden", "area": 43070, "population": 5678348}, "independence": "", "wasdependent": "", "dependent": "", "government": "constitutional monarchy", "_id": {"$oid": "61a864b2f535c0d43ebee16b"}}
{"country": {"_id": {"$oid": "61a853fc9abb2b800db796ba"}, "name": "Iceland", "code": "IS", "capital": "Reykjavik", "province": "Iceland", "area": 103000, "population": 332529}, "independence": "17-JUN-44", "wasdependent": "DK", "dependent": "", "government": "constitutional republic", "_id": {"$oid": "61a864b2f535c0d43ebee16c"}}
{"country": {"_id": {"$oid": "61a853fc9abb2b800db796bb"}, "name": "Faroe Islands", "code": "FO", "capital": "T\u00f3rshavn", "province": "Faroe Islands", "area": 1400, "population": 48346}, "independence": "", "wasdependent": "", "dependent": "DK", "government": "part of the Danish realm", "_id": {"$oid": "61a864b2f535c0d43ebee16d"}}
{"country": {"_id": {"$oid": "61a853fc9abb2b800db796bc"}, "name": "Ireland", "code": "IRL", "capital": "Dublin", "province": "Ireland", "area": 70280, "population": 4588252}, "independence": "06-DEC-21", "wasdependent": "GB", "dependent": "", "government": "republic, parliamentary democracy", "_id": {"$oid": "61a864b2f535c0d43ebee16e"}}
{"country": {"_id": {"$oid": "61a853fc9abb2b800db796bd"}, "name": "Finland", "code": "SF", "capital": "Helsinki", "province": "Uusimaa", "area": 337030, "population": 5513130}, "independence": "06-DEC-17", "wasdependent": "R", "dependent": "", "government": "republic", "_id": {"$oid": "61a864b2f535c0d43ebee16f"}}
{"country": {"_id": {"$oid": "61a853fc9abb2b800db796be"}, "name": "Norway", "code": "N", "capital": "Oslo", "province": "Oslo", "area": 324220, "population": 5051275}, "independence": "26-OCT-05", "wasdependent": "S", "dependent": "", "government": "constitutional monarchy", "_id": {"$oid": "61a864b2f535c0d43ebee170"}}
{"country": {"_id": {"$oid": "61a853fc9abb2b800db796bf"}, "name": "Sweden", "code": "S", "capital": "Stockholm", "province": "Stockholm", "area": 449964, "population": 9555893}, "independence": "", "wasdependent": "", "dependent": "", "government": "constitutional monarchy", "_id": {"$oid": "61a864b2f535c0d43ebee171"}}
{"country": {"_id": {"$oid": "61a853fc9abb2b800db796c0"}, "name": "Monaco", "code": "MC", "capital": "Monaco", "province": "Monaco", "area": 1.9, "population": 36845}, "independence": "01-JAN-19", "wasdependent": "", "dependent": "", "government": "constitutional monarchy", "_id": {"$oid": "61a864b2f535c0d43ebee172"}}
{"country": {"_id": {"$oid": "61a853fc9abb2b800db796c1"}, "name": "Vatican City", "code": "V", "capital": "Vatican City", "province": "Vatican City", "area": 0.44, "population": 826}, "independence": "11-FEB-29", "wasdependent": "I", "dependent": "", "government": "monarchical sacerdotal state", "_id": {"$oid": "61a864b2f535c0d43ebee173"}}
{"country": {"_id": {"$oid": "61a853fc9abb2b800db796c2"}, "name": "Ceuta", "code": "CEU", "capital": "Ceuta", "province": "Ceuta", "area": 18, "population": 82376}, "independence": "", "wasdependent": "", "dependent": "E", "government": "dependent territory of Spain", "_id": {"$oid": "61a864b2f535c0d43ebee174"}}
{"country": {"_id": {"$oid": "61a853fc9abb2b800db796c3"}, "name": "Melilla", "code": "MEL", "capital": "Melilla", "province": "Melilla", "area": 12, "population": 78476}, "independence": "", "wasdependent": "", "dependent": "E", "government": "dependent territory of Spain", "_id": {"$oid": "61a864b2f535c0d43ebee175"}}
{"country": {"_id": {"$oid": "61a853fc9abb2b800db796c4"}, "name": "San Marino", "code": "RSM", "capital": "San Marino", "province": "San Marino", "area": 60, "population": 32440}, "independence": "01-JAN-01", "wasdependent": "", "dependent": "", "government": "republic", "_id": {"$oid": "61a864b2f535c0d43ebee176"}}
{"country": {"_id": {"$oid": "61a853fc9abb2b800db796c5"}, "name": "Malta", "code": "M", "capital": "Valletta", "province": "Malta", "area": 316, "population": 475800}, "independence": "21-SEP-64", "wasdependent": "GB", "dependent": "", "government": "republic", "_id": {"$oid": "61a864b2f535c0d43ebee177"}}
{"country": {"_id": {"$oid": "61a853fc9abb2b800db796c6"}, "name": "Isle of Man", "code": "GBM", "capital": "Douglas", "province": "Isle of Man", "area": 588, "population": 84497}, "independence": "", "wasdependent": "", "dependent": "GB", "government": "parliamentary democracy", "_id": {"$oid": "61a864b2f535c0d43ebee178"}}
{"country": {"_id": {"$oid": "61a853fc9abb2b800db796c7"}, "name": "Moldova", "code": "MD", "capital": "Chi\u015fin\u0103u", "province": "Moldova", "area": 33700, "population": 3473900}, "independence": "27-AUG-91", "wasdependent": "Soviet Union", "dependent": "", "government": "republic", "_id": {"$oid": "61a864b2f535c0d43ebee179"}}
{"country": {"_id": {"$oid": "61a853fc9abb2b800db796c8"}, "name": "Portugal", "code": "P", "capital": "Lisboa", "province": "Lisboa", "area": 92080, "population": 10561614}, "independence": "25-JUL-39", "wasdependent": "E", "dependent": "", "government": "republic; parliamentary democracy", "_id": {"$oid": "61a864b2f535c0d43ebee17a"}}
{"country": {"_id": {"$oid": "61a853fc9abb2b800db796c9"}, "name": "Svalbard", "code": "SVA", "capital": "Longyearbyen", "province": "Svalbard", "area": 62049, "population": 2667}, "independence": "", "wasdependent": "", "dependent": "N", "government": "territory of Norway administered by the Ministry of Industry", "_id": {"$oid": "61a864b2f535c0d43ebee17b"}}
{"country": {"_id": {"$oid": "61a853fc9abb2b800db796ca"}, "name": "United Kingdom", "code": "GB", "capital": "London", "province": "London", "area": 244820, "population": 64105654}, "independence": "01-JAN-01", "wasdependent": "", "dependent": "", "government": "constitutional monarchy and Commonwealth realm", "_id": {"$oid": "61a864b2f535c0d43ebee17c"}}
{"country": {"_id": {"$oid": "61a853fc9abb2b800db796cb"}, "name": "Gibraltar", "code": "GBZ", "capital": "Gibraltar", "province": "Gibraltar", "area": 6.5, "population": 32577}, "independence": "", "wasdependent": "", "dependent": "GB", "government": "dependent territory of the UK", "_id": {"$oid": "61a864b2f535c0d43ebee17d"}}
{"country": {"_id": {"$oid": "61a853fc9abb2b800db796cc"}, "name": "Guernsey", "code": "GBG", "capital": "Saint Peter Port", "province": "Guernsey", "area": 194, "population": 64540}, "independence": "", "wasdependent": "", "dependent": "GB", "government": "parliamentary democracy", "_id": {"$oid": "61a864b2f535c0d43ebee17e"}}
{"country": {"_id": {"$oid": "61a853fc9abb2b800db796cd"}, "name": "Jersey", "code": "GBJ", "capital": "Saint Helier", "province": "Jersey", "area": 117, "population": 97857}, "independence": "", "wasdependent": "", "dependent": "GB", "government": "parliamentary democracy", "_id": {"$oid": "61a864b2f535c0d43ebee17f"}}
{"country": {"_id": {"$oid": "61a853fc9abb2b800db796ce"}, "name": "Armenia", "code": "ARM", "capital": "Yerevan", "province": "Armenia", "area": 29800, "population": 3026879}, "independence": "28-MAY-18", "wasdependent": "Soviet Union", "dependent": "", "government": "republic", "_id": {"$oid": "61a864b2f535c0d43ebee180"}}
{"country": {"_id": {"$oid": "61a853fc9abb2b800db796cf"}, "name": "Georgia", "code": "GE", "capital": "Tbilisi", "province": "Georgia", "area": 69700, "population": 4010000}, "independence": "09-APR-91", "wasdependent": "Soviet Union", "dependent": "", "government": "republic", "_id": {"$oid": "61a864b2f535c0d43ebee181"}}
{"country": {"_id": {"$oid": "61a853fc9abb2b800db796d0"}, "name": "Azerbaijan", "code": "AZ", "capital": "Baku", "province": "Azerbaijan", "area": 86600, "population": 9356500}, "independence": "30-AUG-91", "wasdependent": "Soviet Union", "dependent": "", "government": "republic", "_id": {"$oid": "61a864b2f535c0d43ebee182"}}
{"country": {"_id": {"$oid": "61a853fc9abb2b800db796d1"}, "name": "Turkey", "code": "TR", "capital": "Ankara", "province": "Ankara", "area": 780580, "population": 75627384}, "independence": "29-OCT-23", "wasdependent": "Ottoman Empire", "dependent": "", "government": "republican parliamentary democracy", "_id": {"$oid": "61a864b2f535c0d43ebee183"}}
{"country": {"_id": {"$oid": "61a853fc9abb2b800db796d2"}, "name": "Lebanon", "code": "RL", "capital": "Bayr\u016bt", "province": "Lebanon", "area": 10400, "population": 4341092}, "independence": "22-NOV-43", "wasdependent": "United Nations", "dependent": "", "government": "republic", "_id": {"$oid": "61a864b2f535c0d43ebee184"}}
{"country": {"_id": {"$oid": "61a853fc9abb2b800db796d3"}, "name": "West Bank", "code": "WB", "capital": "Ramallah", "province": "West Bank", "area": 5655, "population": 2881687}, "independence": "", "wasdependent": "", "dependent": "", "government": "", "_id": {"$oid": "61a864b2f535c0d43ebee185"}}
{"country": {"_id": {"$oid": "61a853fc9abb2b800db796d4"}, "name": "Gaza Strip", "code": "GAZA", "capital": "", "province": "", "area": 365, "population": 1899291}, "independence": "", "wasdependent": "", "dependent": "", "government": "", "_id": {"$oid": "61a864b2f535c0d43ebee186"}}
{"country": {"_id": {"$oid": "61a853fc9abb2b800db796d5"}, "name": "Israel", "code": "IL", "capital": "Yerushalayim", "province": "Yerushalayim", "area": 22072, "population": 7420368}, "independence": "14-MAY-48", "wasdependent": "United Nations", "dependent": "", "government": "parliamentary democracy", "_id": {"$oid": "61a864b2f535c0d43ebee187"}}
{"country": {"_id": {"$oid": "61a853fc9abb2b800db796d6"}, "name": "Syria", "code": "SYR", "capital": "Dimashq", "province": "Dimashq", "area": 185180, "population": 17070135}, "independence": "17-APR-46", "wasdependent": "United Nations", "dependent": "", "government": "republic under an authoritarian regime", "_id": {"$oid": "61a864b2f535c0d43ebee188"}}
{"country": {"_id": {"$oid": "61a853fc9abb2b800db796d7"}, "name": "Jordan", "code": "JOR", "capital": "Amman", "province": "Jordan", "area": 89213, "population": 9131712}, "independence": "25-MAY-46", "wasdependent": "United Nations", "dependent": "", "government": "constitutional monarchy", "_id": {"$oid": "61a864b2f535c0d43ebee189"}}
{"country": {"_id": {"$oid": "61a853fc9abb2b800db796d8"}, "name": "Saudi Arabia", "code": "SA", "capital": "Riyadh", "province": "Al-Riyadh", "area": 1960582, "population": 27136977}, "independence": "23-SEP-32", "wasdependent": "", "dependent": "", "government": "monarchy", "_id": {"$oid": "61a864b2f535c0d43ebee18a"}}
{"country": {"_id": {"$oid": "61a853fc9abb2b800db796d9"}, "name": "Bahrain", "code": "BRN", "capital": "Al Man\u0101mah", "province": "Bahrain", "area": 620, "population": 1234571}, "independence": "15-AUG-71", "wasdependent": "GB", "dependent": "", "government": "constitutional monarchy", "_id": {"$oid": "61a864b2f535c0d43ebee18b"}}
{"country": {"_id": {"$oid": "61a853fc9abb2b800db796da"}, "name": "Qatar", "code": "Q", "capital": "Doha", "province": "Qatar", "area": 11000, "population": 2404776}, "independence": "03-SEP-71", "wasdependent": "GB", "dependent": "", "government": "emirate", "_id": {"$oid": "61a864b2f535c0d43ebee18c"}}
{"country": {"_id": {"$oid": "61a853fc9abb2b800db796db"}, "name": "United Arab Emirates", "code": "UAE", "capital": "Abu Dhabi", "province": "United Arab Emirates", "area": 75581, "population": 9121167}, "independence": "02-DEC-71", "wasdependent": "GB", "dependent": "", "government": "federation with specified powers delegated to the UAE federal government and other powers reserved to member emirates", "_id": {"$oid": "61a864b2f535c0d43ebee18d"}}
{"country": {"_id": {"$oid": "61a853fc9abb2b800db796dc"}, "name": "Oman", "code": "OM", "capital": "Muscat", "province": "Oman", "area": 212460, "population": 4992364}, "independence": "01-JAN-50", "wasdependent": "P", "dependent": "", "government": "monarchy", "_id": {"$oid": "61a864b2f535c0d43ebee18e"}}
{"country": {"_id": {"$oid": "61a853fc9abb2b800db796dd"}, "name": "Yemen", "code": "YE", "capital": "Sanaa", "province": "Yemen", "area": 527970, "population": 24527000}, "independence": "22-MAY-90", "wasdependent": "Merger of North/South Yemen", "dependent": "", "government": "republic", "_id": {"$oid": "61a864b2f535c0d43ebee18f"}}
{"country": {"_id": {"$oid": "61a853fc9abb2b800db796de"}, "name": "Kuwait", "code": "KWT", "capital": "Al Kuwayt", "province": "Kuwait", "area": 17820, "population": 2991580}, "independence": "19-JUN-61", "wasdependent": "GB", "dependent": "", "government": "constitutional emirate", "_id": {"$oid": "61a864b2f535c0d43ebee190"}}
{"country": {"_id": {"$oid": "61a853fc9abb2b800db796df"}, "name": "Iraq", "code": "IRQ", "capital": "Baghdad", "province": "Baghdad", "area": 437072, "population": 33330512}, "independence": "03-OCT-32", "wasdependent": "United Nations", "dependent": "", "government": "parliamentary democracy", "_id": {"$oid": "61a864b2f535c0d43ebee191"}}
{"country": {"_id": {"$oid": "61a853fc9abb2b800db796e0"}, "name": "Iran", "code": "IR", "capital": "Tehran", "province": "Tehran", "area": 1648000, "population": 79926270}, "independence": "", "wasdependent": "", "dependent": "", "government": "theocratic republic", "_id": {"$oid": "61a864b2f535c0d43ebee192"}}
{"country": {"_id": {"$oid": "61a853fc9abb2b800db796e1"}, "name": "Afghanistan", "code": "AFG", "capital": "Kabul", "province": "Afghanistan", "area": 647500, "population": 26023100}, "independence": "19-AUG-19", "wasdependent": "GB", "dependent": "", "government": "Islamic republic", "_id": {"$oid": "61a864b2f535c0d43ebee193"}}
{"country": {"_id": {"$oid": "61a853fc9abb2b800db796e2"}, "name": "Turkmenistan", "code": "TM", "capital": "Ashgabat", "province": "Ashgabat", "area": 488100, "population": 6550000}, "independence": "27-OCT-91", "wasdependent": "Soviet Union", "dependent": "", "government": "authoritarian presidential rule", "_id": {"$oid": "61a864b2f535c0d43ebee194"}}
{"country": {"_id": {"$oid": "61a853fc9abb2b800db796e3"}, "name": "Uzbekistan", "code": "UZ", "capital": "Toshkent", "province": "Toshkent City", "area": 447400, "population": 32120500}, "independence": "31-AUG-91", "wasdependent": "Soviet Union", "dependent": "", "government": "republic; authoritarian presidential rule with little power outside the executive branch", "_id": {"$oid": "61a864b2f535c0d43ebee195"}}
{"country": {"_id": {"$oid": "61a853fc9abb2b800db796e4"}, "name": "Tajikistan", "code": "TJ", "capital": "Dushanbe", "province": "Dushanbe", "area": 143100, "population": 8161100}, "independence": "09-SEP-91", "wasdependent": "Soviet Union", "dependent": "", "government": "republic", "_id": {"$oid": "61a864b2f535c0d43ebee196"}}
{"country": {"_id": {"$oid": "61a853fc9abb2b800db796e5"}, "name": "Kyrgyzstan", "code": "KG", "capital": "Bishkek", "province": "Kyrgyzstan", "area": 198500, "population": 6256700}, "independence": "31-AUG-91", "wasdependent": "Soviet Union", "dependent": "", "government": "republic", "_id": {"$oid": "61a864b2f535c0d43ebee197"}}
{"country": {"_id": {"$oid": "61a853fc9abb2b800db796e6"}, "name": "Kazakhstan", "code": "KZ", "capital": "Nur-Sultan", "province": "Astana", "area": 2717300, "population": 17165239}, "independence": "16-DEC-91", "wasdependent": "Soviet Union", "dependent": "", "government": "republic; authoritarian presidential rule, with little power outside the executive branch", "_id": {"$oid": "61a864b2f535c0d43ebee198"}}
{"country": {"_id": {"$oid": "61a853fc9abb2b800db796e7"}, "name": "Mongolia", "code": "MNG", "capital": "Ulaanbaatar", "province": "Mongolia", "area": 1565000, "population": 2754685}, "independence": "13-MAR-21", "wasdependent": "CN", "dependent": "", "government": "parliamentary", "_id": {"$oid": "61a864b2f535c0d43ebee199"}}
{"country": {"_id": {"$oid": "61a853fc9abb2b800db796e8"}, "name": "Maldives", "code": "MV", "capital": "Male", "province": "Maldives", "area": 300, "population": 402071}, "independence": "26-JUL-65", "wasdependent": "GB", "dependent": "", "government": "republic", "_id": {"$oid": "61a864b2f535c0d43ebee19a"}}
{"country": {"_id": {"$oid": "61a853fc9abb2b800db796e9"}, "name": "Pakistan", "code": "PK", "capital": "Islamabad", "province": "FCT Islamabad", "area": 803940, "population": 207776954}, "independence": "14-AUG-47", "wasdependent": "GB", "dependent": "", "government": "federal republic", "_id": {"$oid": "61a864b2f535c0d43ebee19b"}}
{"country": {"_id": {"$oid": "61a853fc9abb2b800db796ea"}, "name": "India", "code": "IND", "capital": "Delhi", "province": "Delhi", "area": 3287590, "population": 1210854977}, "independence": "15-AUG-47", "wasdependent": "GB", "dependent": "", "government": "federal republic", "_id": {"$oid": "61a864b2f535c0d43ebee19c"}}
{"country": {"_id": {"$oid": "61a853fc9abb2b800db796eb"}, "name": "Nepal", "code": "NEP", "capital": "Kathmandu", "province": "Nepal", "area": 140800, "population": 26494504}, "independence": "01-JAN-68", "wasdependent": "", "dependent": "", "government": "federal democratic republic", "_id": {"$oid": "61a864b2f535c0d43ebee19d"}}
{"country": {"_id": {"$oid": "61a853fc9abb2b800db796ec"}, "name": "Bhutan", "code": "BHT", "capital": "Thimphu", "province": "Bhutan", "area": 47000, "population": 727145}, "independence": "08-AUG-49", "wasdependent": "GB", "dependent": "", "government": "constitutional monarchy", "_id": {"$oid": "61a864b2f535c0d43ebee19e"}}
{"country": {"_id": {"$oid": "61a853fc9abb2b800db796ed"}, "name": "Bangladesh", "code": "BD", "capital": "Dhaka", "province": "Dhaka", "area": 144000, "population": 149772364}, "independence": "16-DEC-71", "wasdependent": "PK", "dependent": "", "government": "parliamentary democracy", "_id": {"$oid": "61a864b2f535c0d43ebee19f"}}
{"country": {"_id": {"$oid": "61a853fc9abb2b800db796ee"}, "name": "Myanmar", "code": "MYA", "capital": "Nay Pyi Taw", "province": "Nay Pyi Taw", "area": 678500, "population": 51419420}, "independence": "04-JAN-48", "wasdependent": "GB", "dependent": "", "government": "parliamentary government took power in March 2011", "_id": {"$oid": "61a864b2f535c0d43ebee1a0"}}
{"country": {"_id": {"$oid": "61a853fc9abb2b800db796ef"}, "name": "Sri Lanka", "code": "CL", "capital": "Sri Jayawardhanapura", "province": "Sri Lanka", "area": 65610, "population": 20263723}, "independence": "04-FEB-48", "wasdependent": "GB", "dependent": "", "government": "republic", "_id": {"$oid": "61a864b2f535c0d43ebee1a1"}}
{"country": {"_id": {"$oid": "61a853fc9abb2b800db796f0"}, "name": "China", "code": "CN", "capital": "Beijing", "province": "Beijing", "area": 9596960, "population": 1427647786}, "independence": "", "wasdependent": "", "dependent": "", "government": "Socialist republic", "_id": {"$oid": "61a864b2f535c0d43ebee1a2"}}
{"country": {"_id": {"$oid": "61a853fc9abb2b800db796f1"}, "name": "Taiwan", "code": "RC", "capital": "Taipei", "province": "Taiwan", "area": 36179, "population": 23571227}, "independence": "01-OCT-49", "wasdependent": "", "dependent": "", "government": "multiparty democracy", "_id": {"$oid": "61a864b2f535c0d43ebee1a3"}}
{"country": {"_id": {"$oid": "61a853fc9abb2b800db796f2"}, "name": "Hong Kong", "code": "HK", "capital": "Hong Kong", "province": "Hong Kong", "area": 1092, "population": 7336585}, "independence": "", "wasdependent": "", "dependent": "CN", "government": "limited democracy", "_id": {"$oid": "61a864b2f535c0d43ebee1a4"}}
{"country": {"_id": {"$oid": "61a853fc9abb2b800db796f3"}, "name": "Macao", "code": "MACX", "capital": "Macao", "province": "Macao", "area": 16, "population": 650834}, "independence": "", "wasdependent": "", "dependent": "CN", "government": "limited democracy", "_id": {"$oid": "61a864b2f535c0d43ebee1a5"}}
{"country": {"_id": {"$oid": "61a853fc9abb2b800db796f4"}, "name": "North Korea", "code": "KP", "capital": "Pyongyang", "province": "North Korea", "area": 120540, "population": 24500520}, "independence": "15-AUG-45", "wasdependent": "J", "dependent": "", "government": "Communist state one-man dictatorship", "_id": {"$oid": "61a864b2f535c0d43ebee1a6"}}
{"country": {"_id": {"$oid": "61a853fc9abb2b800db796f5"}, "name": "South Korea", "code": "ROK", "capital": "Seoul", "province": "South Korea", "area": 98480, "population": 51269554}, "independence": "15-AUG-45", "wasdependent": "J", "dependent": "", "government": "republic", "_id": {"$oid": "61a864b2f535c0d43ebee1a7"}}
{"country": {"_id": {"$oid": "61a853fc9abb2b800db796f6"}, "name": "Japan", "code": "J", "capital": "Tokyo", "province": "Tokyo", "area": 377835, "population": 127094745}, "independence": "", "wasdependent": "", "dependent": "", "government": "a parliamentary government with a constitutional monarchy", "_id": {"$oid": "61a864b2f535c0d43ebee1a8"}}
{"country": {"_id": {"$oid": "61a853fc9abb2b800db796f7"}, "name": "Philippines", "code": "RP", "capital": "Manila", "province": "Metro Manila", "area": 299764, "population": 100981437}, "independence": "04-JUL-46", "wasdependent": "USA", "dependent": "", "government": "republic", "_id": {"$oid": "61a864b2f535c0d43ebee1a9"}}
{"country": {"_id": {"$oid": "61a853fc9abb2b800db796f8"}, "name": "Vietnam", "code": "VN", "capital": "Hanoi", "province": "Red River Delta", "area": 329560, "population": 88772900}, "independence": "02-SEP-45", "wasdependent": "F", "dependent": "", "government": "Communist state", "_id": {"$oid": "61a864b2f535c0d43ebee1aa"}}
{"country": {"_id": {"$oid": "61a853fc9abb2b800db796f9"}, "name": "Cambodia", "code": "K", "capital": "Phnom Penh", "province": "Cambodia", "area": 181040, "population": 15288489}, "independence": "09-NOV-49", "wasdependent": "F", "dependent": "", "government": "multiparty democracy under a constitutional monarchy", "_id": {"$oid": "61a864b2f535c0d43ebee1ab"}}
{"country": {"_id": {"$oid": "61a853fc9abb2b800db796fa"}, "name": "Laos", "code": "LAO", "capital": "Vientiane", "province": "Laos", "area": 236800, "population": 6514432}, "independence": "19-JUL-49", "wasdependent": "F", "dependent": "", "government": "Communist state", "_id": {"$oid": "61a864b2f535c0d43ebee1ac"}}
{"country": {"_id": {"$oid": "61a853fc9abb2b800db796fb"}, "name": "Thailand", "code": "THA", "capital": "Bangkok", "province": "Thailand", "area": 514000, "population": 65981659}, "independence": "01-JAN-38", "wasdependent": "", "dependent": "", "government": "constitutional monarchy", "_id": {"$oid": "61a864b2f535c0d43ebee1ad"}}
{"country": {"_id": {"$oid": "61a853fc9abb2b800db796fc"}, "name": "Malaysia", "code": "MAL", "capital": "Kuala Lumpur", "province": "Kuala Lumpur", "area": 329750, "population": 27565821}, "independence": "31-AUG-57", "wasdependent": "GB", "dependent": "", "government": "constitutional monarchy", "_id": {"$oid": "61a864b2f535c0d43ebee1ae"}}
{"country": {"_id": {"$oid": "61a853fc9abb2b800db796fd"}, "name": "Brunei", "code": "BRU", "capital": "Bandar Seri Begawan", "province": "Brunei", "area": 5770, "population": 393372}, "independence": "01-JAN-84", "wasdependent": "GB", "dependent": "", "government": "constitutional sultanate (locally known as Malay Islamic Monarchy)", "_id": {"$oid": "61a864b2f535c0d43ebee1af"}}
{"country": {"_id": {"$oid": "61a853fc9abb2b800db796fe"}, "name": "Singapore", "code": "SGP", "capital": "Singapore", "province": "Singapore", "area": 632.6, "population": 5076700}, "independence": "09-AUG-65", "wasdependent": "MAL", "dependent": "", "government": "parliamentary republic", "_id": {"$oid": "61a864b2f535c0d43ebee1b0"}}
{"country": {"_id": {"$oid": "61a853fc9abb2b800db796ff"}, "name": "Indonesia", "code": "RI", "capital": "Jakarta", "province": "DKI Jakarta", "area": 1919440, "population": 252124458}, "independence": "17-AUG-45", "wasdependent": "NL", "dependent": "", "government": "republic", "_id": {"$oid": "61a864b2f535c0d43ebee1b1"}}
{"country": {"_id": {"$oid": "61a853fc9abb2b800db79700"}, "name": "Timor-Leste", "code": "TL", "capital": "Dili", "province": "Timor-Leste", "area": 15007, "population": 1066582}, "independence": "20-MAY-02", "wasdependent": "RI", "dependent": "", "government": "republic", "_id": {"$oid": "61a864b2f535c0d43ebee1b2"}}
{"country": {"_id": {"$oid": "61a853fc9abb2b800db79701"}, "name": "Papua New Guinea", "code": "PNG", "capital": "Port Moresby", "province": "South", "area": 461690, "population": 7275324}, "independence": "16-SEP-75", "wasdependent": "United Nations", "dependent": "", "government": "constitutional parliamentary democracy and a Commonwealth realm", "_id": {"$oid": "61a864b2f535c0d43ebee1b3"}}
{"country": {"_id": {"$oid": "61a853fc9abb2b800db79702"}, "name": "Solomon Islands", "code": "SOL", "capital": "Honiara", "province": "Solomon Islands", "area": 28450, "population": 515870}, "independence": "07-JUL-78", "wasdependent": "GB", "dependent": "", "government": "parliamentary democracy and a Commonwealth realm", "_id": {"$oid": "61a864b2f535c0d43ebee1b4"}}
{"country": {"_id": {"$oid": "61a853fc9abb2b800db79703"}, "name": "Vanuatu", "code": "VU", "capital": "Port Vila", "province": "Vanuatu", "area": 14760, "population": 236299}, "independence": "30-JUL-80", "wasdependent": "F", "dependent": "", "government": "parliamentary republic", "_id": {"$oid": "61a864b2f535c0d43ebee1b5"}}
{"country": {"_id": {"$oid": "61a853fc9abb2b800db79704"}, "name": "New Caledonia", "code": "NCL", "capital": "Noumea", "province": "New Caledonia", "area": 19060, "population": 271407}, "independence": "", "wasdependent": "", "dependent": "F", "government": "parliamentary representative democracy", "_id": {"$oid": "61a864b2f535c0d43ebee1b6"}}
{"country": {"_id": {"$oid": "61a853fc9abb2b800db79705"}, "name": "Australia", "code": "AUS", "capital": "Canberra", "province": "Australia Capital Territory", "area": 7692024, "population": 23135281}, "independence": "01-JAN-01", "wasdependent": "GB", "dependent": "", "government": "federal parliamentary democracy and a Commonwealth realm", "_id": {"$oid": "61a864b2f535c0d43ebee1b7"}}
{"country": {"_id": {"$oid": "61a853fc9abb2b800db79706"}, "name": "Christmas Island", "code": "XMAS", "capital": "Flying Fish Cove", "province": "Christmas Island", "area": 135, "population": 1843}, "independence": "", "wasdependent": "", "dependent": "AUS", "government": "territory of Australia", "_id": {"$oid": "61a864b2f535c0d43ebee1b8"}}
{"country": {"_id": {"$oid": "61a853fc9abb2b800db79707"}, "name": "Cocos Islands", "code": "COCO", "capital": "West Island", "province": "Cocos Islands", "area": 14, "population": 544}, "independence": "", "wasdependent": "", "dependent": "AUS", "government": "territory of Australia", "_id": {"$oid": "61a864b2f535c0d43ebee1b9"}}
{"country": {"_id": {"$oid": "61a853fc9abb2b800db79708"}, "name": "Norfolk Island", "code": "NORF", "capital": "Kingston", "province": "Norfolk Island", "area": 34.6, "population": 1748}, "independence": "", "wasdependent": "", "dependent": "AUS", "government": "territory of Australia", "_id": {"$oid": "61a864b2f535c0d43ebee1ba"}}
{"country": {"_id": {"$oid": "61a853fc9abb2b800db79709"}, "name": "New Zealand", "code": "NZ", "capital": "Wellington", "province": "New Zealand", "area": 268680, "population": 4242048}, "independence": "26-SEP-07", "wasdependent": "GB", "dependent": "", "government": "parliamentary democracy and a Commonwealth realm", "_id": {"$oid": "61a864b2f535c0d43ebee1bb"}}
{"country": {"_id": {"$oid": "61a853fc9abb2b800db7970a"}, "name": "Palau", "code": "PAL", "capital": "Ngerulmud", "province": "Palau", "area": 458, "population": 17501}, "independence": "01-OCT-94", "wasdependent": "United Nations", "dependent": "", "government": "constitutional government in free association with the US", "_id": {"$oid": "61a864b2f535c0d43ebee1bc"}}
{"country": {"_id": {"$oid": "61a853fc9abb2b800db7970b"}, "name": "Northern Mariana Islands", "code": "NMIS", "capital": "Saipan", "province": "Northern Mariana Islands", "area": 477, "population": 53883}, "independence": "", "wasdependent": "", "dependent": "USA", "government": "commonwealth; self-governing with locally elected governor, lieutenant governor, and legislature", "_id": {"$oid": "61a864b2f535c0d43ebee1bd"}}
{"country": {"_id": {"$oid": "61a853fc9abb2b800db7970c"}, "name": "Guam", "code": "GUAM", "capital": "Hag\u00e5t\u00f1a", "province": "Guam", "area": 545, "population": 159358}, "independence": "", "wasdependent": "", "dependent": "USA", "government": "organized", "_id": {"$oid": "61a864b2f535c0d43ebee1be"}}
{"country": {"_id": {"$oid": "61a853fc9abb2b800db7970d"}, "name": "Micronesia", "code": "FSM", "capital": "Palikir", "province": "Micronesia", "area": 702, "population": 102843}, "independence": "03-NOV-86", "wasdependent": "United Nations", "dependent": "", "government": "constitutional government in free association with the US", "_id": {"$oid": "61a864b2f535c0d43ebee1bf"}}
{"country": {"_id": {"$oid": "61a853fc9abb2b800db7970e"}, "name": "Marshall Islands", "code": "MH", "capital": "Majuro", "province": "Marshall Islands", "area": 181.3, "population": 53158}, "independence": "21-OCT-86", "wasdependent": "United Nations", "dependent": "", "government": "constitutional government in free association with the US", "_id": {"$oid": "61a864b2f535c0d43ebee1c0"}}
{"country": {"_id": {"$oid": "61a853fc9abb2b800db7970f"}, "name": "Nauru", "code": "NAU", "capital": "Yaren", "province": "Nauru", "area": 21, "population": 10025}, "independence": "31-JAN-68", "wasdependent": "United Nations", "dependent": "", "government": "republic", "_id": {"$oid": "61a864b2f535c0d43ebee1c1"}}
{"country": {"_id": {"$oid": "61a853fc9abb2b800db79710"}, "name": "Kiribati", "code": "KIR", "capital": "Tarawa", "province": "Kiribati", "area": 717, "population": 110136}, "independence": "12-JUL-79", "wasdependent": "GB", "dependent": "", "government": "republic", "_id": {"$oid": "61a864b2f535c0d43ebee1c2"}}
{"country": {"_id": {"$oid": "61a853fc9abb2b800db79711"}, "name": "Tuvalu", "code": "TUV", "capital": "Funafuti", "province": "Tuvalu", "area": 26, "population": 11192}, "independence": "01-OCT-78", "wasdependent": "GB", "dependent": "", "government": "parliamentary democracy and a Commonwealth realm", "_id": {"$oid": "61a864b2f535c0d43ebee1c3"}}
{"country": {"_id": {"$oid": "61a853fc9abb2b800db79712"}, "name": "Tokelau", "code": "TOK", "capital": "Fakaofo", "province": "Tokelau", "area": 12, "population": 1499}, "independence": "", "wasdependent": "", "dependent": "NZ", "government": "", "_id": {"$oid": "61a864b2f535c0d43ebee1c4"}}
{"country": {"_id": {"$oid": "61a853fc9abb2b800db79713"}, "name": "Samoa", "code": "WS", "capital": "Apia", "province": "Samoa", "area": 2860, "population": 194320}, "independence": "01-JAN-62", "wasdependent": "United Nations", "dependent": "", "government": "parliamentary democracy", "_id": {"$oid": "61a864b2f535c0d43ebee1c5"}}
{"country": {"_id": {"$oid": "61a853fc9abb2b800db79714"}, "name": "American Samoa", "code": "AMSA", "capital": "Pago Pago", "province": "American Samoa", "area": 199, "population": 55519}, "independence": "", "wasdependent": "", "dependent": "USA", "government": "unincorporated and unorganized territory of the US", "_id": {"$oid": "61a864b2f535c0d43ebee1c6"}}
{"country": {"_id": {"$oid": "61a853fc9abb2b800db79715"}, "name": "Wallis and Futuna", "code": "WF", "capital": "Mata-Utu", "province": "Wallis and Futuna", "area": 274, "population": 11558}, "independence": "", "wasdependent": "", "dependent": "F", "government": "parliamentary representative democratic French overseas collectivity", "_id": {"$oid": "61a864b2f535c0d43ebee1c7"}}
{"country": {"_id": {"$oid": "61a853fc9abb2b800db79716"}, "name": "Fiji", "code": "FJI", "capital": "Suva", "province": "Fiji", "area": 18270, "population": 884887}, "independence": "10-OCT-70", "wasdependent": "GB", "dependent": "", "government": "republic", "_id": {"$oid": "61a864b2f535c0d43ebee1c8"}}
{"country": {"_id": {"$oid": "61a853fc9abb2b800db79717"}, "name": "Tonga", "code": "TO", "capital": "Nukualofa", "province": "Tonga", "area": 748, "population": 100651}, "independence": "04-JUN-70", "wasdependent": "GB", "dependent": "", "government": "constitutional monarchy", "_id": {"$oid": "61a864b2f535c0d43ebee1c9"}}
{"country": {"_id": {"$oid": "61a853fc9abb2b800db79718"}, "name": "Niue", "code": "NIUE", "capital": "Alofi", "province": "Niue", "area": 260, "population": 1611}, "independence": "19-OCT-74", "wasdependent": "NZ", "dependent": "", "government": "self-governing parliamentary democracy", "_id": {"$oid": "61a864b2f535c0d43ebee1ca"}}
{"country": {"_id": {"$oid": "61a853fc9abb2b800db79719"}, "name": "Cook Islands", "code": "COOK", "capital": "Avarua", "province": "Cook Islands", "area": 240, "population": 17459}, "independence": "04-AUG-65", "wasdependent": "NZ", "dependent": "", "government": "self-governing parliamentary democracy", "_id": {"$oid": "61a864b2f535c0d43ebee1cb"}}
{"country": {"_id": {"$oid": "61a853fc9abb2b800db7971a"}, "name": "French Polynesia", "code": "FPOL", "capital": "Papeete", "province": "French Polynesia", "area": 4167, "population": 275918}, "independence": "", "wasdependent": "", "dependent": "F", "government": "parliamentary representative democratic French overseas collectivity", "_id": {"$oid": "61a864b2f535c0d43ebee1cc"}}
{"country": {"_id": {"$oid": "61a853fc9abb2b800db7971b"}, "name": "Pitcairn", "code": "PITC", "capital": "Adamstown", "province": "Pitcairn", "area": 47, "population": 50}, "independence": "", "wasdependent": "", "dependent": "GB", "government": "British Overseas Territories", "_id": {"$oid": "61a864b2f535c0d43ebee1cd"}}
{"country": {"_id": {"$oid": "61a853fc9abb2b800db7971c"}, "name": "Egypt", "code": "ET", "capital": "Al Qahirah", "province": "Egypt", "area": 1001450, "population": 94798827}, "independence": "28-FEB-22", "wasdependent": "GB", "dependent": "", "government": "republic", "_id": {"$oid": "61a864b2f535c0d43ebee1ce"}}
{"country": {"_id": {"$oid": "61a853fc9abb2b800db7971d"}, "name": "Libya", "code": "LAR", "capital": "Tripoli", "province": "Libya", "area": 1759540, "population": 6040612}, "independence": "24-DEC-51", "wasdependent": "I", "dependent": "", "government": "operates under a transitional government", "_id": {"$oid": "61a864b2f535c0d43ebee1cf"}}
{"country": {"_id": {"$oid": "61a853fc9abb2b800db7971e"}, "name": "Tunisia", "code": "TN", "capital": "Tunis", "province": "Tunisia", "area": 163610, "population": 10982754}, "independence": "20-MAR-56", "wasdependent": "F", "dependent": "", "government": "republic", "_id": {"$oid": "61a864b2f535c0d43ebee1d0"}}
{"country": {"_id": {"$oid": "61a853fc9abb2b800db7971f"}, "name": "Algeria", "code": "DZ", "capital": "Algiers", "province": "Algeria", "area": 2381740, "population": 37062820}, "independence": "05-JUL-62", "wasdependent": "F", "dependent": "", "government": "republic", "_id": {"$oid": "61a864b2f535c0d43ebee1d1"}}
{"country": {"_id": {"$oid": "61a853fc9abb2b800db79720"}, "name": "Morocco", "code": "MA", "capital": "Rabat", "province": "Rabat Sale Zemmour Zaer", "area": 446550, "population": 33337529}, "independence": "02-MAR-56", "wasdependent": "F", "dependent": "", "government": "constitutional monarchy", "_id": {"$oid": "61a864b2f535c0d43ebee1d2"}}
{"country": {"_id": {"$oid": "61a853fc9abb2b800db79721"}, "name": "Western Sahara", "code": "WSA", "capital": "El Aaiun", "province": "Western Sahara", "area": 266000, "population": 554795}, "independence": "", "wasdependent": "", "dependent": "", "government": "legal status of territory and question of sovereignty unresolved", "_id": {"$oid": "61a864b2f535c0d43ebee1d3"}}
{"country": {"_id": {"$oid": "61a853fc9abb2b800db79722"}, "name": "Mali", "code": "RMM", "capital": "Bamako", "province": "Bamako", "area": 1240000, "population": 14528622}, "independence": "22-SEP-60", "wasdependent": "F", "dependent": "", "government": "republic", "_id": {"$oid": "61a864b2f535c0d43ebee1d4"}}
{"country": {"_id": {"$oid": "61a853fc9abb2b800db79723"}, "name": "Mauritania", "code": "RIM", "capital": "Nouakchott", "province": "Nouakchott", "area": 1030700, "population": 3537368}, "independence": "28-NOV-60", "wasdependent": "F", "dependent": "", "government": "military junta", "_id": {"$oid": "61a864b2f535c0d43ebee1d5"}}
{"country": {"_id": {"$oid": "61a853fc9abb2b800db79724"}, "name": "Senegal", "code": "SN", "capital": "Dakar", "province": "Dakar", "area": 196190, "population": 13508715}, "independence": "20-AUG-60", "wasdependent": "F", "dependent": "", "government": "republic", "_id": {"$oid": "61a864b2f535c0d43ebee1d6"}}
{"country": {"_id": {"$oid": "61a853fc9abb2b800db79725"}, "name": "Gambia", "code": "WAG", "capital": "Banjul", "province": "Gambia", "area": 11300, "population": 1882450}, "independence": "18-FEB-65", "wasdependent": "GB", "dependent": "", "government": "republic", "_id": {"$oid": "61a864b2f535c0d43ebee1d7"}}
{"country": {"_id": {"$oid": "61a853fc9abb2b800db79726"}, "name": "Guinea-Bissau", "code": "GUB", "capital": "Bissau", "province": "Guinea-Bissau", "area": 36120, "population": 1586624}, "independence": "10-SEP-74", "wasdependent": "P", "dependent": "", "government": "republic", "_id": {"$oid": "61a864b2f535c0d43ebee1d8"}}
{"country": {"_id": {"$oid": "61a853fc9abb2b800db79727"}, "name": "Guinea", "code": "RG", "capital": "Conakry", "province": "Guinea", "area": 245860, "population": 10628972}, "independence": "02-OCT-58", "wasdependent": "F", "dependent": "", "government": "republic", "_id": {"$oid": "61a864b2f535c0d43ebee1d9"}}
{"country": {"_id": {"$oid": "61a853fc9abb2b800db79728"}, "name": "Sierra Leone", "code": "SLE", "capital": "Freetown", "province": "Sierra Leone", "area": 71740, "population": 5743725}, "independence": "27-APR-61", "wasdependent": "GB", "dependent": "", "government": "constitutional democracy", "_id": {"$oid": "61a864b2f535c0d43ebee1da"}}
{"country": {"_id": {"$oid": "61a853fc9abb2b800db79729"}, "name": "Liberia", "code": "LB", "capital": "Monrovia", "province": "Liberia", "area": 111370, "population": 3957990}, "independence": "26-JUL-47", "wasdependent": "", "dependent": "", "government": "republic", "_id": {"$oid": "61a864b2f535c0d43ebee1db"}}
{"country": {"_id": {"$oid": "61a853fc9abb2b800db7972a"}, "name": "Burkina Faso", "code": "BF", "capital": "Ouagadougou", "province": "Burkina Faso", "area": 274200, "population": 17322796}, "independence": "05-AUG-60", "wasdependent": "F", "dependent": "", "government": "parliamentary republic", "_id": {"$oid": "61a864b2f535c0d43ebee1dc"}}
{"country": {"_id": {"$oid": "61a853fc9abb2b800db7972b"}, "name": "Cote d''Ivoire", "code": "CI", "capital": "Yamoussoukro", "province": "Yamoussoukro", "area": 322460, "population": 22671331}, "independence": "07-AUG-60", "wasdependent": "F", "dependent": "", "government": "republic; multiparty presidential regime established 1960", "_id": {"$oid": "61a864b2f535c0d43ebee1dd"}}
{"country": {"_id": {"$oid": "61a853fc9abb2b800db7972c"}, "name": "Ghana", "code": "GH", "capital": "Accra", "province": "Greater Accra", "area": 238540, "population": 24658823}, "independence": "06-MAR-57", "wasdependent": "GB", "dependent": "", "government": "constitutional democracy", "_id": {"$oid": "61a864b2f535c0d43ebee1de"}}
{"country": {"_id": {"$oid": "61a853fc9abb2b800db7972d"}, "name": "Togo", "code": "RT", "capital": "Lom\u00e9", "province": "Togo", "area": 56790, "population": 6191155}, "independence": "27-APR-60", "wasdependent": "F", "dependent": "", "government": "republic under transition to multiparty democratic rule", "_id": {"$oid": "61a864b2f535c0d43ebee1df"}}
{"country": {"_id": {"$oid": "61a853fc9abb2b800db7972e"}, "name": "Benin", "code": "BEN", "capital": "Porto-Novo", "province": "Benin", "area": 112620, "population": 9983884}, "independence": "01-AUG-60", "wasdependent": "F", "dependent": "", "government": "republic", "_id": {"$oid": "61a864b2f535c0d43ebee1e0"}}
{"country": {"_id": {"$oid": "61a853fc9abb2b800db7972f"}, "name": "Nigeria", "code": "NGR", "capital": "Abuja", "province": "Abuja", "area": 923770, "population": 193392500}, "independence": "01-OCT-60", "wasdependent": "GB", "dependent": "", "government": "federal republic", "_id": {"$oid": "61a864b2f535c0d43ebee1e1"}}
{"country": {"_id": {"$oid": "61a853fc9abb2b800db79730"}, "name": "Niger", "code": "RN", "capital": "Niamey", "province": "Niamey", "area": 1267000, "population": 17138707}, "independence": "03-AUG-60", "wasdependent": "F", "dependent": "", "government": "republic", "_id": {"$oid": "61a864b2f535c0d43ebee1e2"}}
{"country": {"_id": {"$oid": "61a853fc9abb2b800db79731"}, "name": "Chad", "code": "TCH", "capital": "N''Djamena", "province": "Chad", "area": 1284000, "population": 11720781}, "independence": "11-AUG-60", "wasdependent": "F", "dependent": "", "government": "republic", "_id": {"$oid": "61a864b2f535c0d43ebee1e3"}}
{"country": {"_id": {"$oid": "61a853fc9abb2b800db79732"}, "name": "Sudan", "code": "SUD", "capital": "Khartoum", "province": "Al-Khar\u1e6d\u016bm", "area": 1840687, "population": 40782700}, "independence": "01-JAN-56", "wasdependent": "ET", "dependent": "", "government": "federal republic", "_id": {"$oid": "61a864b2f535c0d43ebee1e4"}}
{"country": {"_id": {"$oid": "61a853fc9abb2b800db79733"}, "name": "South Sudan", "code": "SSD", "capital": "Juba", "province": "South Sudan", "area": 644329, "population": 8260490}, "independence": "09-JUL-11", "wasdependent": "SUD", "dependent": "", "government": "republic", "_id": {"$oid": "61a864b2f535c0d43ebee1e5"}}
{"country": {"_id": {"$oid": "61a853fc9abb2b800db79734"}, "name": "Central African Republic", "code": "RCA", "capital": "Bangui", "province": "Central African Republic", "area": 622980, "population": 4349921}, "independence": "13-AUG-60", "wasdependent": "F", "dependent": "", "government": "republic", "_id": {"$oid": "61a864b2f535c0d43ebee1e6"}}
{"country": {"_id": {"$oid": "61a853fc9abb2b800db79735"}, "name": "Cameroon", "code": "CAM", "capital": "Yaound\u00e9", "province": "Centre", "area": 475440, "population": 19406100}, "independence": "01-JAN-60", "wasdependent": "United Nations", "dependent": "", "government": "republic; multiparty presidential regime", "_id": {"$oid": "61a864b2f535c0d43ebee1e7"}}
{"country": {"_id": {"$oid": "61a853fc9abb2b800db79736"}, "name": "Equatorial Guinea", "code": "GQ", "capital": "Malabo", "province": "Insular", "area": 28050, "population": 1222442}, "independence": "12-OCT-68", "wasdependent": "E", "dependent": "", "government": "republic", "_id": {"$oid": "61a864b2f535c0d43ebee1e8"}}
{"country": {"_id": {"$oid": "61a853fc9abb2b800db79737"}, "name": "Gabon", "code": "G", "capital": "Libreville", "province": "Gabon", "area": 267670, "population": 1811079}, "independence": "17-AUG-60", "wasdependent": "F", "dependent": "", "government": "republic; multiparty presidential regime", "_id": {"$oid": "61a864b2f535c0d43ebee1e9"}}
{"country": {"_id": {"$oid": "61a853fc9abb2b800db79738"}, "name": "Congo", "code": "RCB", "capital": "Brazzaville", "province": "Brazzaville", "area": 342000, "population": 4001831}, "independence": "15-AUG-60", "wasdependent": "F", "dependent": "", "government": "republic", "_id": {"$oid": "61a864b2f535c0d43ebee1ea"}}
{"country": {"_id": {"$oid": "61a853fc9abb2b800db79739"}, "name": "Congo, Dem.Rep.", "code": "CGO", "capital": "Kinshasa", "province": "Kinshasa", "area": 2345410, "population": 86026000}, "independence": "30-JUN-60", "wasdependent": "B", "dependent": "", "government": "republic", "_id": {"$oid": "61a864b2f535c0d43ebee1eb"}}
{"country": {"_id": {"$oid": "61a853fc9abb2b800db7973a"}, "name": "Angola", "code": "ANG", "capital": "Luanda", "province": "Luanda", "area": 1246700, "population": 25789024}, "independence": "11-NOV-75", "wasdependent": "P", "dependent": "", "government": "republic; multiparty presidential regime", "_id": {"$oid": "61a864b2f535c0d43ebee1ec"}}
{"country": {"_id": {"$oid": "61a853fc9abb2b800db7973b"}, "name": "Namibia", "code": "NAM", "capital": "Windhoek", "province": "Namibia", "area": 825418, "population": 2113077}, "independence": "21-MAR-90", "wasdependent": "United Nations", "dependent": "", "government": "republic", "_id": {"$oid": "61a864b2f535c0d43ebee1ed"}}
{"country": {"_id": {"$oid": "61a853fc9abb2b800db7973c"}, "name": "Botswana", "code": "RB", "capital": "Gaborone", "province": "Botswana", "area": 600370, "population": 2038228}, "independence": "30-SEP-66", "wasdependent": "GB", "dependent": "", "government": "parliamentary republic", "_id": {"$oid": "61a864b2f535c0d43ebee1ee"}}
{"country": {"_id": {"$oid": "61a853fc9abb2b800db7973d"}, "name": "South Africa", "code": "RSA", "capital": "Tshwane", "province": "Gauteng", "area": 1219912, "population": 51770560}, "independence": "31-MAY-10", "wasdependent": "GB", "dependent": "", "government": "republic", "_id": {"$oid": "61a864b2f535c0d43ebee1ef"}}
{"country": {"_id": {"$oid": "61a853fc9abb2b800db7973e"}, "name": "Lesotho", "code": "LS", "capital": "Maseru", "province": "Lesotho", "area": 30350, "population": 2007201}, "independence": "04-OCT-66", "wasdependent": "GB", "dependent": "", "government": "parliamentary constitutional monarchy", "_id": {"$oid": "61a864b2f535c0d43ebee1f0"}}
{"country": {"_id": {"$oid": "61a853fc9abb2b800db7973f"}, "name": "Eswatini", "code": "SD", "capital": "Mbabane", "province": "Eswatini", "area": 17360, "population": 1193148}, "independence": "06-SEP-68", "wasdependent": "GB", "dependent": "", "government": "monarchy", "_id": {"$oid": "61a864b2f535c0d43ebee1f1"}}
{"country": {"_id": {"$oid": "61a853fc9abb2b800db79740"}, "name": "Mozambique", "code": "MOC", "capital": "Maputo", "province": "Cidade de Maputo", "area": 801590, "population": 23700715}, "independence": "25-JUN-75", "wasdependent": "P", "dependent": "", "government": "republic", "_id": {"$oid": "61a864b2f535c0d43ebee1f2"}}
{"country": {"_id": {"$oid": "61a853fc9abb2b800db79741"}, "name": "Zimbabwe", "code": "ZW", "capital": "Harare", "province": "Zimbabwe", "area": 390580, "population": 13061239}, "independence": "18-APR-80", "wasdependent": "GB", "dependent": "", "government": "parliamentary democracy", "_id": {"$oid": "61a864b2f535c0d43ebee1f3"}}
{"country": {"_id": {"$oid": "61a853fc9abb2b800db79742"}, "name": "Zambia", "code": "Z", "capital": "Lusaka", "province": "Lusaka", "area": 752610, "population": 13092666}, "independence": "24-OCT-64", "wasdependent": "GB", "dependent": "", "government": "republic", "_id": {"$oid": "61a864b2f535c0d43ebee1f4"}}
{"country": {"_id": {"$oid": "61a853fc9abb2b800db79743"}, "name": "Malawi", "code": "MW", "capital": "Lilongwe", "province": "Malawi", "area": 118480, "population": 17563749}, "independence": "06-JUL-64", "wasdependent": "GB", "dependent": "", "government": "multiparty democracy", "_id": {"$oid": "61a864b2f535c0d43ebee1f5"}}
{"country": {"_id": {"$oid": "61a853fc9abb2b800db79744"}, "name": "Tanzania", "code": "EAT", "capital": "Dodoma", "province": "Dodoma", "area": 945090, "population": 44928923}, "independence": "26-APR-64", "wasdependent": "GB", "dependent": "", "government": "republic", "_id": {"$oid": "61a864b2f535c0d43ebee1f6"}}
{"country": {"_id": {"$oid": "61a853fc9abb2b800db79745"}, "name": "Burundi", "code": "BI", "capital": "Gitega", "province": "Burundi", "area": 27830, "population": 8444784}, "independence": "01-JUL-62", "wasdependent": "United Nations", "dependent": "", "government": "republic", "_id": {"$oid": "61a864b2f535c0d43ebee1f7"}}
{"country": {"_id": {"$oid": "61a853fc9abb2b800db79746"}, "name": "Rwanda", "code": "RWA", "capital": "Kigali", "province": "Rwanda", "area": 26340, "population": 10515973}, "independence": "01-JUL-62", "wasdependent": "United Nations", "dependent": "", "government": "republic; presidential, multiparty system", "_id": {"$oid": "61a864b2f535c0d43ebee1f8"}}
{"country": {"_id": {"$oid": "61a853fc9abb2b800db79747"}, "name": "Uganda", "code": "EAU", "capital": "Kampala", "province": "Central", "area": 236040, "population": 34634650}, "independence": "09-OCT-62", "wasdependent": "GB", "dependent": "", "government": "republic", "_id": {"$oid": "61a864b2f535c0d43ebee1f9"}}
{"country": {"_id": {"$oid": "61a853fc9abb2b800db79748"}, "name": "Kenya", "code": "EAK", "capital": "Nairobi", "province": "Kenya", "area": 582650, "population": 40909194}, "independence": "12-DEC-63", "wasdependent": "GB", "dependent": "", "government": "republic", "_id": {"$oid": "61a864b2f535c0d43ebee1fa"}}
{"country": {"_id": {"$oid": "61a853fc9abb2b800db79749"}, "name": "Somalia", "code": "SO", "capital": "Mogadishu", "province": "Somalia", "area": 637660, "population": 11000000}, "independence": "01-JUL-60", "wasdependent": "GB", "dependent": "", "government": "in the process of building a federal parliamentary republic", "_id": {"$oid": "61a864b2f535c0d43ebee1fb"}}
{"country": {"_id": {"$oid": "61a853fc9abb2b800db7974a"}, "name": "Djibouti", "code": "DJI", "capital": "Djibouti", "province": "Djibouti", "area": 22000, "population": 834036}, "independence": "27-JUN-77", "wasdependent": "F", "dependent": "", "government": "republic", "_id": {"$oid": "61a864b2f535c0d43ebee1fc"}}
{"country": {"_id": {"$oid": "61a853fc9abb2b800db7974b"}, "name": "Ethiopia", "code": "ETH", "capital": "Addis Ababa", "province": "Addis Ababa", "area": 1127127, "population": 84320987}, "independence": "", "wasdependent": "", "dependent": "", "government": "federal republic", "_id": {"$oid": "61a864b2f535c0d43ebee1fd"}}
{"country": {"_id": {"$oid": "61a853fc9abb2b800db7974c"}, "name": "Eritrea", "code": "ER", "capital": "Asmara", "province": "Eritrea", "area": 121320, "population": 5741159}, "independence": "27-MAY-93", "wasdependent": "ETH", "dependent": "", "government": "transitional government", "_id": {"$oid": "61a864b2f535c0d43ebee1fe"}}
{"country": {"_id": {"$oid": "61a853fc9abb2b800db7974d"}, "name": "Cape Verde", "code": "CV", "capital": "Praia", "province": "Cape Verde", "area": 4033, "population": 491875}, "independence": "05-JUL-75", "wasdependent": "P", "dependent": "", "government": "republic", "_id": {"$oid": "61a864b2f535c0d43ebee1ff"}}
{"country": {"_id": {"$oid": "61a853fc9abb2b800db7974e"}, "name": "Sao Tome and Principe", "code": "STP", "capital": "S\u00e3o Tom\u00e9", "province": "Sao Tome and Principe", "area": 1001, "population": 187356}, "independence": "12-JUL-75", "wasdependent": "P", "dependent": "", "government": "republic", "_id": {"$oid": "61a864b2f535c0d43ebee200"}}
{"country": {"_id": {"$oid": "61a853fc9abb2b800db7974f"}, "name": "Seychelles", "code": "SY", "capital": "Victoria", "province": "Seychelles", "area": 455, "population": 90945}, "independence": "29-JUN-76", "wasdependent": "GB", "dependent": "", "government": "republic", "_id": {"$oid": "61a864b2f535c0d43ebee201"}}
{"country": {"_id": {"$oid": "61a853fc9abb2b800db79750"}, "name": "Comoros", "code": "COM", "capital": "Moroni", "province": "Comoros", "area": 2170, "population": 683081}, "independence": "06-JUL-75", "wasdependent": "F", "dependent": "", "government": "republic", "_id": {"$oid": "61a864b2f535c0d43ebee202"}}
{"country": {"_id": {"$oid": "61a853fc9abb2b800db79751"}, "name": "Mayotte", "code": "MAYO", "capital": "Mamoutzou", "province": "Mayotte", "area": 374, "population": 256518}, "independence": "", "wasdependent": "", "dependent": "F", "government": "territorial collectivity of France", "_id": {"$oid": "61a864b2f535c0d43ebee203"}}
{"country": {"_id": {"$oid": "61a853fc9abb2b800db79752"}, "name": "Madagascar", "code": "RM", "capital": "Antananarivo", "province": "Madagascar", "area": 587041, "population": 21842167}, "independence": "26-JUN-60", "wasdependent": "F", "dependent": "", "government": "republic", "_id": {"$oid": "61a864b2f535c0d43ebee204"}}
{"country": {"_id": {"$oid": "61a853fc9abb2b800db79753"}, "name": "Mauritius", "code": "MS", "capital": "Port Louis", "province": "Mauritius", "area": 2040, "population": 1237091}, "independence": "12-MAR-68", "wasdependent": "GB", "dependent": "", "government": "parliamentary democracy", "_id": {"$oid": "61a864b2f535c0d43ebee205"}}
{"country": {"_id": {"$oid": "61a853fc9abb2b800db79754"}, "name": "Reunion", "code": "REUN", "capital": "Saint-Denis", "province": "Reunion", "area": 2510, "population": 828581}, "independence": "", "wasdependent": "", "dependent": "F", "government": "overseas department of France", "_id": {"$oid": "61a864b2f535c0d43ebee206"}}
{"country": {"_id": {"$oid": "61a853fc9abb2b800db79755"}, "name": "Saint Helena", "code": "HELX", "capital": "Jamestown", "province": "Saint Helena", "area": 391, "population": 4577}, "independence": "", "wasdependent": "", "dependent": "GB", "government": "British Overseas Territories", "_id": {"$oid": "61a864b2f535c0d43ebee207"}}
{"country": {"_id": {"$oid": "61a853fc9abb2b800db79756"}, "name": "Greenland", "code": "GL", "capital": "Nuuk", "province": "Greenland", "area": 2175600, "population": 56370}, "independence": "", "wasdependent": "", "dependent": "DK", "government": "parliamentary democracy within a constitutional monarchy", "_id": {"$oid": "61a864b2f535c0d43ebee208"}}
{"country": {"_id": {"$oid": "61a853fc9abb2b800db79757"}, "name": "Saint Pierre and Miquelon", "code": "SPMI", "capital": "Saint-Pierre", "province": "Saint Pierre and Miquelon", "area": 242, "population": 6008}, "independence": "", "wasdependent": "", "dependent": "F", "government": "parliamentary representative democracy", "_id": {"$oid": "61a864b2f535c0d43ebee209"}}
{"country": {"_id": {"$oid": "61a853fc9abb2b800db79758"}, "name": "Bermuda", "code": "BERM", "capital": "Hamilton", "province": "Bermuda", "area": 53.3, "population": 61178}, "independence": "", "wasdependent": "", "dependent": "GB", "government": "parliamentary; self-governing territory", "_id": {"$oid": "61a864b2f535c0d43ebee20a"}}
{"country": {"_id": {"$oid": "61a853fc9abb2b800db79759"}, "name": "Canada", "code": "CDN", "capital": "Ottawa", "province": "Ontario", "area": 9976140, "population": 35151728}, "independence": "01-JUL-67", "wasdependent": "GB", "dependent": "", "government": "a parliamentary democracy, a federation, and a constitutional monarchy", "_id": {"$oid": "61a864b2f535c0d43ebee20b"}}
{"country": {"_id": {"$oid": "61a853fc9abb2b800db7975a"}, "name": "United States", "code": "USA", "capital": "Washington", "province": "District of Columbia", "area": 9372610, "population": 318857056}, "independence": "04-JUL-76", "wasdependent": "GB", "dependent": "", "government": "constitution-based federal republic; strong democratic tradition", "_id": {"$oid": "61a864b2f535c0d43ebee20c"}}
{"country": {"_id": {"$oid": "61a853fc9abb2b800db7975b"}, "name": "Mexico", "code": "MEX", "capital": "Ciudad de M\u00e9xico", "province": "Distrito Federal", "area": 1972550, "population": 112336538}, "independence": "16-SEP-10", "wasdependent": "E", "dependent": "", "government": "federal republic", "_id": {"$oid": "61a864b2f535c0d43ebee20d"}}
{"country": {"_id": {"$oid": "61a853fc9abb2b800db7975c"}, "name": "Belize", "code": "BZ", "capital": "Belmopan", "province": "Belize", "area": 22960, "population": 312971}, "independence": "21-SEP-81", "wasdependent": "GB", "dependent": "", "government": "parliamentary democracy and a Commonwealth realm", "_id": {"$oid": "61a864b2f535c0d43ebee20e"}}
{"country": {"_id": {"$oid": "61a853fc9abb2b800db7975d"}, "name": "Guatemala", "code": "GCA", "capital": "Ciudad de Guatemala", "province": "Guatemala", "area": 108890, "population": 15073375}, "independence": "15-SEP-21", "wasdependent": "E", "dependent": "", "government": "constitutional democratic republic", "_id": {"$oid": "61a864b2f535c0d43ebee20f"}}
{"country": {"_id": {"$oid": "61a853fc9abb2b800db7975e"}, "name": "El Salvador", "code": "ES", "capital": "San Salvador", "province": "El Salvador", "area": 21040, "population": 6290420}, "independence": "15-SEP-21", "wasdependent": "E", "dependent": "", "government": "republic", "_id": {"$oid": "61a864b2f535c0d43ebee210"}}
{"country": {"_id": {"$oid": "61a853fc9abb2b800db7975f"}, "name": "Honduras", "code": "HN", "capital": "Tegucigalpa", "province": "Francisco Moraz\u00e1n", "area": 112090, "population": 8045990}, "independence": "15-SEP-21", "wasdependent": "E", "dependent": "", "government": "democratic constitutional republic", "_id": {"$oid": "61a864b2f535c0d43ebee211"}}
{"country": {"_id": {"$oid": "61a853fc9abb2b800db79760"}, "name": "Nicaragua", "code": "NIC", "capital": "Managua", "province": "Nicaragua", "area": 129494, "population": 6327927}, "independence": "15-SEP-21", "wasdependent": "E", "dependent": "", "government": "republic", "_id": {"$oid": "61a864b2f535c0d43ebee212"}}
{"country": {"_id": {"$oid": "61a853fc9abb2b800db79761"}, "name": "Costa Rica", "code": "CR", "capital": "San Jos\u00e9", "province": "San Jos\u00e9", "area": 51100, "population": 4773119}, "independence": "15-SEP-21", "wasdependent": "E", "dependent": "", "government": "democratic republic", "_id": {"$oid": "61a864b2f535c0d43ebee213"}}
{"country": {"_id": {"$oid": "61a853fc9abb2b800db79762"}, "name": "Panama", "code": "PA", "capital": "Panam\u00e1 City", "province": "Panam\u00e1", "area": 78200, "population": 3405813}, "independence": "03-NOV-03", "wasdependent": "CO", "dependent": "", "government": "constitutional democracy", "_id": {"$oid": "61a864b2f535c0d43ebee214"}}
{"country": {"_id": {"$oid": "61a853fc9abb2b800db79763"}, "name": "Bahamas", "code": "BS", "capital": "Nassau", "province": "Bahamas", "area": 13940, "population": 353658}, "independence": "10-JUL-73", "wasdependent": "GB", "dependent": "", "government": "constitutional parliamentary democracy and a Commonwealth realm", "_id": {"$oid": "61a864b2f535c0d43ebee215"}}
{"country": {"_id": {"$oid": "61a853fc9abb2b800db79764"}, "name": "Turks and Caicos Islands", "code": "TUCA", "capital": "Grand Turk", "province": "Turks and Caicos Islands", "area": 430, "population": 53700}, "independence": "", "wasdependent": "", "dependent": "GB", "government": "British Overseas Territories", "_id": {"$oid": "61a864b2f535c0d43ebee216"}}
{"country": {"_id": {"$oid": "61a853fc9abb2b800db79765"}, "name": "Cayman Islands", "code": "CAYM", "capital": "George Town", "province": "Cayman Islands", "area": 262, "population": 61944}, "independence": "", "wasdependent": "", "dependent": "GB", "government": "parliamentary democracy", "_id": {"$oid": "61a864b2f535c0d43ebee217"}}
{"country": {"_id": {"$oid": "61a853fc9abb2b800db79766"}, "name": "Cuba", "code": "C", "capital": "La Habana", "province": "La Habana", "area": 110860, "population": 11167325}, "independence": "20-MAY-02", "wasdependent": "E", "dependent": "", "government": "Communist state", "_id": {"$oid": "61a864b2f535c0d43ebee218"}}
{"country": {"_id": {"$oid": "61a853fc9abb2b800db79767"}, "name": "Jamaica", "code": "JA", "capital": "Kingston", "province": "Jamaica", "area": 10991, "population": 2697983}, "independence": "06-AUG-62", "wasdependent": "GB", "dependent": "", "government": "constitutional parliamentary democracy and a Commonwealth realm", "_id": {"$oid": "61a864b2f535c0d43ebee219"}}
{"country": {"_id": {"$oid": "61a853fc9abb2b800db79768"}, "name": "Haiti", "code": "RH", "capital": "Port-au-Prince", "province": "Haiti", "area": 27750, "population": 10788000}, "independence": "01-JAN-04", "wasdependent": "F", "dependent": "", "government": "republic", "_id": {"$oid": "61a864b2f535c0d43ebee21a"}}
{"country": {"_id": {"$oid": "61a853fc9abb2b800db79769"}, "name": "Dominican Republic", "code": "DOM", "capital": "Santo Domingo", "province": "Dominican Republic", "area": 48730, "population": 9445281}, "independence": "27-FEB-44", "wasdependent": "RH", "dependent": "", "government": "democratic republic", "_id": {"$oid": "61a864b2f535c0d43ebee21b"}}
{"country": {"_id": {"$oid": "61a853fc9abb2b800db7976a"}, "name": "Puerto Rico", "code": "PR", "capital": "San Juan", "province": "Puerto Rico", "area": 8870, "population": 3725789}, "independence": "", "wasdependent": "", "dependent": "USA", "government": "commonwealth", "_id": {"$oid": "61a864b2f535c0d43ebee21c"}}
{"country": {"_id": {"$oid": "61a853fc9abb2b800db7976b"}, "name": "Virgin Islands", "code": "VIRG", "capital": "Charlotte Amalie", "province": "Virgin Islands", "area": 346, "population": 106405}, "independence": "", "wasdependent": "", "dependent": "USA", "government": "organized", "_id": {"$oid": "61a864b2f535c0d43ebee21d"}}
{"country": {"_id": {"$oid": "61a853fc9abb2b800db7976c"}, "name": "British Virgin Islands", "code": "BVI", "capital": "Road Town", "province": "British Virgin Islands", "area": 153, "population": 28054}, "independence": "", "wasdependent": "", "dependent": "GB", "government": "British Overseas Territories", "_id": {"$oid": "61a864b2f535c0d43ebee21e"}}
{"country": {"_id": {"$oid": "61a853fc9abb2b800db7976d"}, "name": "Anguilla", "code": "AXA", "capital": "The Valley", "province": "Anguilla", "area": 102, "population": 13452}, "independence": "", "wasdependent": "", "dependent": "GB", "government": "British Overseas Territories", "_id": {"$oid": "61a864b2f535c0d43ebee21f"}}
{"country": {"_id": {"$oid": "61a853fc9abb2b800db7976e"}, "name": "Saint Martin", "code": "SMAR", "capital": "Marigot", "province": "Saint Martin", "area": 54, "population": 36286}, "independence": "", "wasdependent": "", "dependent": "F", "government": "overseas collectivity of France", "_id": {"$oid": "61a864b2f535c0d43ebee220"}}
{"country": {"_id": {"$oid": "61a853fc9abb2b800db7976f"}, "name": "Sint Maarten", "code": "SX", "capital": "Philipsburg", "province": "Sint Maarten", "area": 34, "population": 40535}, "independence": "", "wasdependent": "", "dependent": "NL", "government": "parliamentary", "_id": {"$oid": "61a864b2f535c0d43ebee221"}}
{"country": {"_id": {"$oid": "61a853fc9abb2b800db79770"}, "name": "Saint Barthelemy", "code": "SBAR", "capital": "Gustavia", "province": "Saint Barthelemy", "area": 21, "population": 9131}, "independence": "", "wasdependent": "", "dependent": "F", "government": "overseas collectivity of France", "_id": {"$oid": "61a864b2f535c0d43ebee222"}}
{"country": {"_id": {"$oid": "61a853fc9abb2b800db79771"}, "name": "Saint Kitts and Nevis", "code": "KN", "capital": "Basseterre", "province": "Saint Kitts and Nevis", "area": 269, "population": 46398}, "independence": "19-SEP-83", "wasdependent": "GB", "dependent": "", "government": "parliamentary democracy and a Commonwealth realm", "_id": {"$oid": "61a864b2f535c0d43ebee223"}}
{"country": {"_id": {"$oid": "61a853fc9abb2b800db79772"}, "name": "Antigua and Barbuda", "code": "AG", "capital": "St. John''s", "province": "Antigua and Barbuda", "area": 442, "population": 81799}, "independence": "01-NOV-81", "wasdependent": "GB", "dependent": "", "government": "constitutional monarchy with a parliamentary system of government and a Commonwealth realm", "_id": {"$oid": "61a864b2f535c0d43ebee224"}}
{"country": {"_id": {"$oid": "61a853fc9abb2b800db79773"}, "name": "Montserrat", "code": "MNTS", "capital": "Plymouth", "province": "Montserrat", "area": 102, "population": 4922}, "independence": "", "wasdependent": "", "dependent": "GB", "government": "British Overseas Territories", "_id": {"$oid": "61a864b2f535c0d43ebee225"}}
{"country": {"_id": {"$oid": "61a853fc9abb2b800db79774"}, "name": "Guadeloupe", "code": "GUAD", "capital": "Basse-Terre", "province": "Guadeloupe", "area": 1628, "population": 394110}, "independence": "", "wasdependent": "", "dependent": "F", "government": "overseas department of France", "_id": {"$oid": "61a864b2f535c0d43ebee226"}}
{"country": {"_id": {"$oid": "61a853fc9abb2b800db79775"}, "name": "Dominica", "code": "WD", "capital": "Roseau", "province": "Dominica", "area": 746, "population": 70739}, "independence": "03-NOV-78", "wasdependent": "GB", "dependent": "", "government": "parliamentary democracy", "_id": {"$oid": "61a864b2f535c0d43ebee227"}}
{"country": {"_id": {"$oid": "61a853fc9abb2b800db79776"}, "name": "Martinique", "code": "MART", "capital": "Fort-de-France", "province": "Martinique", "area": 1128, "population": 385551}, "independence": "", "wasdependent": "", "dependent": "F", "government": "overseas department of France", "_id": {"$oid": "61a864b2f535c0d43ebee228"}}
{"country": {"_id": {"$oid": "61a853fc9abb2b800db79777"}, "name": "Saint Lucia", "code": "WL", "capital": "Castries", "province": "Saint Lucia", "area": 620, "population": 165595}, "independence": "22-FEB-79", "wasdependent": "GB", "dependent": "", "government": "parliamentary democracy and a Commonwealth realm", "_id": {"$oid": "61a864b2f535c0d43ebee229"}}
{"country": {"_id": {"$oid": "61a853fc9abb2b800db79778"}, "name": "Barbados", "code": "BDS", "capital": "Bridgetown", "province": "Barbados", "area": 430, "population": 277821}, "independence": "30-NOV-66", "wasdependent": "GB", "dependent": "", "government": "parliamentary democracy and a Commonwealth realm", "_id": {"$oid": "61a864b2f535c0d43ebee22a"}}
{"country": {"_id": {"$oid": "61a853fc9abb2b800db79779"}, "name": "Saint Vincent and the Grenadines", "code": "WV", "capital": "Kingstown", "province": "Saint Vincent and the Grenadines", "area": 389, "population": 109991}, "independence": "27-OCT-79", "wasdependent": "GB", "dependent": "", "government": "parliamentary democracy and a Commonwealth realm", "_id": {"$oid": "61a864b2f535c0d43ebee22b"}}
{"country": {"_id": {"$oid": "61a853fc9abb2b800db7977a"}, "name": "Grenada", "code": "WG", "capital": "Saint George''s", "province": "Grenada", "area": 344, "population": 103328}, "independence": "07-FEB-74", "wasdependent": "GB", "dependent": "", "government": "parliamentary democracy and a Commonwealth realm", "_id": {"$oid": "61a864b2f535c0d43ebee22c"}}
{"country": {"_id": {"$oid": "61a853fc9abb2b800db7977b"}, "name": "Trinidad and Tobago", "code": "TT", "capital": "Port-of-Spain", "province": "Trinidad and Tobago", "area": 5130, "population": 1328019}, "independence": "31-AUG-62", "wasdependent": "GB", "dependent": "", "government": "parliamentary democracy", "_id": {"$oid": "61a864b2f535c0d43ebee22d"}}
{"country": {"_id": {"$oid": "61a853fc9abb2b800db7977c"}, "name": "Bonaire", "code": "NLB", "capital": "Kralendijk", "province": "Bonaire", "area": 294, "population": 20104}, "independence": "", "wasdependent": "", "dependent": "NL", "government": "democracy", "_id": {"$oid": "61a864b2f535c0d43ebee22e"}}
{"country": {"_id": {"$oid": "61a853fc9abb2b800db7977d"}, "name": "Curacao", "code": "CUR", "capital": "Willemstad", "province": "Curacao", "area": 444, "population": 150563}, "independence": "", "wasdependent": "", "dependent": "NL", "government": "parliamentary", "_id": {"$oid": "61a864b2f535c0d43ebee22f"}}
{"country": {"_id": {"$oid": "61a853fc9abb2b800db7977e"}, "name": "Aruba", "code": "ARU", "capital": "Oranjestad", "province": "Aruba", "area": 193, "population": 101484}, "independence": "", "wasdependent": "", "dependent": "NL", "government": "parliamentary democracy", "_id": {"$oid": "61a864b2f535c0d43ebee230"}}
{"country": {"_id": {"$oid": "61a853fc9abb2b800db7977f"}, "name": "Venezuela", "code": "YV", "capital": "Caracas", "province": "Distrito Federal", "area": 912050, "population": 28946101}, "independence": "05-JUL-11", "wasdependent": "E", "dependent": "", "government": "federal republic", "_id": {"$oid": "61a864b2f535c0d43ebee231"}}
{"country": {"_id": {"$oid": "61a853fc9abb2b800db79780"}, "name": "Guyana", "code": "GUY", "capital": "Georgetown", "province": "Guyana", "area": 214970, "population": 747884}, "independence": "26-MAY-66", "wasdependent": "GB", "dependent": "", "government": "republic", "_id": {"$oid": "61a864b2f535c0d43ebee232"}}
{"country": {"_id": {"$oid": "61a853fc9abb2b800db79781"}, "name": "Suriname", "code": "SME", "capital": "Paramaribo", "province": "Suriname", "area": 163270, "population": 541638}, "independence": "25-NOV-75", "wasdependent": "NL", "dependent": "", "government": "constitutional democracy", "_id": {"$oid": "61a864b2f535c0d43ebee233"}}
{"country": {"_id": {"$oid": "61a853fc9abb2b800db79782"}, "name": "French Guiana", "code": "FGU", "capital": "Cayenne", "province": "French Guiana", "area": 83534, "population": 268700}, "independence": "", "wasdependent": "", "dependent": "F", "government": "overseas department of France", "_id": {"$oid": "61a864b2f535c0d43ebee234"}}
{"country": {"_id": {"$oid": "61a853fc9abb2b800db79783"}, "name": "Colombia", "code": "CO", "capital": "Bogot\u00e1", "province": "Santa Fe de Bogot\u00e1", "area": 1138910, "population": 47661787}, "independence": "20-JUL-10", "wasdependent": "E", "dependent": "", "government": "republic; executive branch dominates government structure", "_id": {"$oid": "61a864b2f535c0d43ebee235"}}
{"country": {"_id": {"$oid": "61a853fc9abb2b800db79784"}, "name": "Ecuador", "code": "EC", "capital": "Quito", "province": "Ecuador", "area": 283560, "population": 14483499}, "independence": "24-MAY-22", "wasdependent": "E", "dependent": "", "government": "republic", "_id": {"$oid": "61a864b2f535c0d43ebee236"}}
{"country": {"_id": {"$oid": "61a853fc9abb2b800db79785"}, "name": "Peru", "code": "PE", "capital": "Lima", "province": "Lima City", "area": 1285220, "population": 30135875}, "independence": "28-JUL-21", "wasdependent": "E", "dependent": "", "government": "constitutional republic", "_id": {"$oid": "61a864b2f535c0d43ebee237"}}
{"country": {"_id": {"$oid": "61a853fc9abb2b800db79786"}, "name": "Bolivia", "code": "BOL", "capital": "La Paz", "province": "La Paz", "area": 1098580, "population": 10027262}, "independence": "06-AUG-25", "wasdependent": "E", "dependent": "", "government": "republic; Social Unitarian State", "_id": {"$oid": "61a864b2f535c0d43ebee238"}}
{"country": {"_id": {"$oid": "61a853fc9abb2b800db79787"}, "name": "Chile", "code": "RCH", "capital": "Santiago", "province": "Santiago", "area": 756950, "population": 16341929}, "independence": "18-SEP-10", "wasdependent": "E", "dependent": "", "government": "republic", "_id": {"$oid": "61a864b2f535c0d43ebee239"}}
{"country": {"_id": {"$oid": "61a853fc9abb2b800db79788"}, "name": "Argentina", "code": "RA", "capital": "Buenos Aires", "province": "Distrito Federal", "area": 2766890, "population": 42669500}, "independence": "09-JUL-16", "wasdependent": "E", "dependent": "", "government": "republic", "_id": {"$oid": "61a864b2f535c0d43ebee23a"}}
{"country": {"_id": {"$oid": "61a853fc9abb2b800db79789"}, "name": "Paraguay", "code": "PY", "capital": "Asunci\u00f3n", "province": "Paraguay", "area": 406750, "population": 6672631}, "independence": "14-MAY-11", "wasdependent": "E", "dependent": "", "government": "constitutional republic", "_id": {"$oid": "61a864b2f535c0d43ebee23b"}}
{"country": {"_id": {"$oid": "61a853fc9abb2b800db7978a"}, "name": "Uruguay", "code": "ROU", "capital": "Montevideo", "province": "Uruguay", "area": 176220, "population": 3286314}, "independence": "25-AUG-28", "wasdependent": "BR", "dependent": "", "government": "constitutional republic", "_id": {"$oid": "61a864b2f535c0d43ebee23c"}}
{"country": {"_id": {"$oid": "61a853fc9abb2b800db7978b"}, "name": "Brazil", "code": "BR", "capital": "Bras\u00edlia", "province": "Distrito Federal", "area": 8511965, "population": 202768562}, "independence": "07-SEP-22", "wasdependent": "P", "dependent": "", "government": "federal republic", "_id": {"$oid": "61a864b2f535c0d43ebee23d"}}
{"country": {"_id": {"$oid": "61a853fc9abb2b800db7978c"}, "name": "Falkland Islands", "code": "FALK", "capital": "Stanley", "province": "Falkland Islands", "area": 12173, "population": 3398}, "independence": "", "wasdependent": "", "dependent": "GB", "government": "British Overseas Territories", "_id": {"$oid": "61a864b2f535c0d43ebee23e"}}
