{"country_code": {"_id": {"$oid": "61a853fc9abb2b800db796a9"}, "name": "Austria", "code": "A", "capital": "Wien", "province": "Wien", "area": 83850, "population": 8499759}, "country_province": "Wien", "population_growth": 0.01, "infant_mortality": 4.16, "_id": {"$oid": "61a86448ff5808e6bcda0425"}}
{"country_code": {"_id": {"$oid": "61a853fc9abb2b800db796e1"}, "name": "Afghanistan", "code": "AFG", "capital": "Kabul", "province": "Afghanistan", "area": 647500, "population": 26023100}, "country_province": "Afghanistan", "population_growth": 2.29, "infant_mortality": 117.23, "_id": {"$oid": "61a86448ff5808e6bcda0426"}}
{"country_code": {"_id": {"$oid": "61a853fc9abb2b800db79772"}, "name": "Antigua and Barbuda", "code": "AG", "capital": "St. John''s", "province": "Antigua and Barbuda", "area": 442, "population": 81799}, "country_province": "Antigua and Barbuda", "population_growth": 1.25, "infant_mortality": 13.29, "_id": {"$oid": "61a86448ff5808e6bcda0427"}}
{"country_code": {"_id": {"$oid": "61a853fc9abb2b800db79698"}, "name": "Albania", "code": "AL", "capital": "Tirana", "province": "Albania", "area": 28750, "population": 2821977}, "country_province": "Albania", "population_growth": 0.3, "infant_mortality": 13.19, "_id": {"$oid": "61a86448ff5808e6bcda0428"}}
{"country_code": {"_id": {"$oid": "61a853fc9abb2b800db79714"}, "name": "American Samoa", "code": "AMSA", "capital": "Pago Pago", "province": "American Samoa", "area": 199, "population": 55519}, "country_province": "American Samoa", "population_growth": -0.35, "infant_mortality": 8.92, "_id": {"$oid": "61a86448ff5808e6bcda0429"}}
{"country_code": {"_id": {"$oid": "61a853fc9abb2b800db7969f"}, "name": "Andorra", "code": "AND", "capital": "Andorra la Vella", "province": "Andorra", "area": 450, "population": 78115}, "country_province": "Andorra", "population_growth": 0.17, "infant_mortality": 3.69, "_id": {"$oid": "61a86448ff5808e6bcda042a"}}
{"country_code": {"_id": {"$oid": "61a853fc9abb2b800db7973a"}, "name": "Angola", "code": "ANG", "capital": "Luanda", "province": "Luanda", "area": 1246700, "population": 25789024}, "country_province": "Luanda", "population_growth": 2.78, "infant_mortality": 79.99, "_id": {"$oid": "61a86448ff5808e6bcda042b"}}
{"country_code": {"_id": {"$oid": "61a853fc9abb2b800db796ce"}, "name": "Armenia", "code": "ARM", "capital": "Yerevan", "province": "Armenia", "area": 29800, "population": 3026879}, "country_province": "Armenia", "population_growth": -0.13, "infant_mortality": 13.97, "_id": {"$oid": "61a86448ff5808e6bcda042c"}}
{"country_code": {"_id": {"$oid": "61a853fc9abb2b800db7977e"}, "name": "Aruba", "code": "ARU", "capital": "Oranjestad", "province": "Aruba", "area": 193, "population": 101484}, "country_province": "Aruba", "population_growth": 1.36, "infant_mortality": 11.74, "_id": {"$oid": "61a86448ff5808e6bcda042d"}}
{"country_code": {"_id": {"$oid": "61a853fc9abb2b800db79705"}, "name": "Australia", "code": "AUS", "capital": "Canberra", "province": "Australia Capital Territory", "area": 7692024, "population": 23135281}, "country_province": "Australia Capital Territory", "population_growth": 1.09, "infant_mortality": 4.43, "_id": {"$oid": "61a86448ff5808e6bcda042e"}}
{"country_code": {"_id": {"$oid": "61a853fc9abb2b800db7976d"}, "name": "Anguilla", "code": "AXA", "capital": "The Valley", "province": "Anguilla", "area": 102, "population": 13452}, "country_province": "Anguilla", "population_growth": 2.06, "infant_mortality": 3.4, "_id": {"$oid": "61a86448ff5808e6bcda042f"}}
{"country_code": {"_id": {"$oid": "61a853fc9abb2b800db796d0"}, "name": "Azerbaijan", "code": "AZ", "capital": "Baku", "province": "Azerbaijan", "area": 86600, "population": 9356500}, "country_province": "Azerbaijan", "population_growth": 0.99, "infant_mortality": 26.67, "_id": {"$oid": "61a86448ff5808e6bcda0430"}}
{"country_code": {"_id": {"$oid": "61a853fc9abb2b800db796b1"}, "name": "Belgium", "code": "B", "capital": "Bruxelles", "province": "Bruxelles", "area": 30510, "population": 11099554}, "country_province": "Bruxelles", "population_growth": 0.05, "infant_mortality": 4.18, "_id": {"$oid": "61a86448ff5808e6bcda0431"}}
{"country_code": {"_id": {"$oid": "61a853fc9abb2b800db796ed"}, "name": "Bangladesh", "code": "BD", "capital": "Dhaka", "province": "Dhaka", "area": 144000, "population": 149772364}, "country_province": "Dhaka", "population_growth": 1.6, "infant_mortality": 45.67, "_id": {"$oid": "61a86448ff5808e6bcda0432"}}
{"country_code": {"_id": {"$oid": "61a853fc9abb2b800db79778"}, "name": "Barbados", "code": "BDS", "capital": "Bridgetown", "province": "Barbados", "area": 430, "population": 277821}, "country_province": "Barbados", "population_growth": 0.33, "infant_mortality": 10.93, "_id": {"$oid": "61a86448ff5808e6bcda0433"}}
{"country_code": {"_id": {"$oid": "61a853fc9abb2b800db7972e"}, "name": "Benin", "code": "BEN", "capital": "Porto-Novo", "province": "Benin", "area": 112620, "population": 9983884}, "country_province": "Benin", "population_growth": 2.81, "infant_mortality": 57.09, "_id": {"$oid": "61a86448ff5808e6bcda0434"}}
{"country_code": {"_id": {"$oid": "61a853fc9abb2b800db79758"}, "name": "Bermuda", "code": "BERM", "capital": "Hamilton", "province": "Bermuda", "area": 53.3, "population": 61178}, "country_province": "Bermuda", "population_growth": 0.52, "infant_mortality": 2.48, "_id": {"$oid": "61a86448ff5808e6bcda0435"}}
{"country_code": {"_id": {"$oid": "61a853fc9abb2b800db7972a"}, "name": "Burkina Faso", "code": "BF", "capital": "Ouagadougou", "province": "Burkina Faso", "area": 274200, "population": 17322796}, "country_province": "Burkina Faso", "population_growth": 3.05, "infant_mortality": 76.8, "_id": {"$oid": "61a86448ff5808e6bcda0436"}}
{"country_code": {"_id": {"$oid": "61a853fc9abb2b800db796b7"}, "name": "Bulgaria", "code": "BG", "capital": "Sofia", "province": "Bulgaria", "area": 110910, "population": 7351234}, "country_province": "Bulgaria", "population_growth": -0.83, "infant_mortality": 15.08, "_id": {"$oid": "61a86448ff5808e6bcda0437"}}
{"country_code": {"_id": {"$oid": "61a853fc9abb2b800db796ec"}, "name": "Bhutan", "code": "BHT", "capital": "Thimphu", "province": "Bhutan", "area": 47000, "population": 727145}, "country_province": "Bhutan", "population_growth": 1.13, "infant_mortality": 37.89, "_id": {"$oid": "61a86448ff5808e6bcda0438"}}
{"country_code": {"_id": {"$oid": "61a853fc9abb2b800db79745"}, "name": "Burundi", "code": "BI", "capital": "Gitega", "province": "Burundi", "area": 27830, "population": 8444784}, "country_province": "Burundi", "population_growth": 3.28, "infant_mortality": 63.44, "_id": {"$oid": "61a86448ff5808e6bcda0439"}}
{"country_code": {"_id": {"$oid": "61a853fc9abb2b800db796b6"}, "name": "Bosnia and Herzegovina", "code": "BIH", "capital": "Sarajevo", "province": "Federacija Bosne i Hercegovine", "area": 51233, "population": 3791622}, "country_province": "Federacija Bosne i Hercegovine", "population_growth": -0.11, "infant_mortality": 5.84, "_id": {"$oid": "61a86448ff5808e6bcda043a"}}
{"country_code": {"_id": {"$oid": "61a853fc9abb2b800db79786"}, "name": "Bolivia", "code": "BOL", "capital": "La Paz", "province": "La Paz", "area": 1098580, "population": 10027262}, "country_province": "La Paz", "population_growth": 1.6, "infant_mortality": 38.61, "_id": {"$oid": "61a86448ff5808e6bcda043b"}}
{"country_code": {"_id": {"$oid": "61a853fc9abb2b800db7978b"}, "name": "Brazil", "code": "BR", "capital": "Bras\u00edlia", "province": "Distrito Federal", "area": 8511965, "population": 202768562}, "country_province": "Distrito Federal", "population_growth": 0.8, "infant_mortality": 19.21, "_id": {"$oid": "61a86448ff5808e6bcda043c"}}
{"country_code": {"_id": {"$oid": "61a853fc9abb2b800db796d9"}, "name": "Bahrain", "code": "BRN", "capital": "Al Man\u0101mah", "province": "Bahrain", "area": 620, "population": 1234571}, "country_province": "Bahrain", "population_growth": 2.49, "infant_mortality": 9.68, "_id": {"$oid": "61a86448ff5808e6bcda043d"}}
{"country_code": {"_id": {"$oid": "61a853fc9abb2b800db796fd"}, "name": "Brunei", "code": "BRU", "capital": "Bandar Seri Begawan", "province": "Brunei", "area": 5770, "population": 393372}, "country_province": "Brunei", "population_growth": 1.65, "infant_mortality": 10.48, "_id": {"$oid": "61a86448ff5808e6bcda043e"}}
{"country_code": {"_id": {"$oid": "61a853fc9abb2b800db79763"}, "name": "Bahamas", "code": "BS", "capital": "Nassau", "province": "Bahamas", "area": 13940, "population": 353658}, "country_province": "Bahamas", "population_growth": 0.87, "infant_mortality": 12.5, "_id": {"$oid": "61a86448ff5808e6bcda043f"}}
{"country_code": {"_id": {"$oid": "61a853fc9abb2b800db7976c"}, "name": "British Virgin Islands", "code": "BVI", "capital": "Road Town", "province": "British Virgin Islands", "area": 153, "population": 28054}, "country_province": "British Virgin Islands", "population_growth": 2.36, "infant_mortality": 13.45, "_id": {"$oid": "61a86448ff5808e6bcda0440"}}
{"country_code": {"_id": {"$oid": "61a853fc9abb2b800db796ad"}, "name": "Belarus", "code": "BY", "capital": "Minsk", "province": "Minsk City", "area": 207600, "population": 9460692}, "country_province": "Minsk City", "population_growth": -0.19, "infant_mortality": 3.64, "_id": {"$oid": "61a86448ff5808e6bcda0441"}}
{"country_code": {"_id": {"$oid": "61a853fc9abb2b800db7975c"}, "name": "Belize", "code": "BZ", "capital": "Belmopan", "province": "Belize", "area": 22960, "population": 312971}, "country_province": "Belize", "population_growth": 1.92, "infant_mortality": 20.31, "_id": {"$oid": "61a86448ff5808e6bcda0442"}}
{"country_code": {"_id": {"$oid": "61a853fc9abb2b800db79766"}, "name": "Cuba", "code": "C", "capital": "La Habana", "province": "La Habana", "area": 110860, "population": 11167325}, "country_province": "La Habana", "population_growth": -0.14, "infant_mortality": 4.7, "_id": {"$oid": "61a86448ff5808e6bcda0443"}}
{"country_code": {"_id": {"$oid": "61a853fc9abb2b800db79735"}, "name": "Cameroon", "code": "CAM", "capital": "Yaound\u00e9", "province": "Centre", "area": 475440, "population": 19406100}, "country_province": "Centre", "population_growth": 2.6, "infant_mortality": 55.1, "_id": {"$oid": "61a86448ff5808e6bcda0444"}}
{"country_code": {"_id": {"$oid": "61a853fc9abb2b800db79765"}, "name": "Cayman Islands", "code": "CAYM", "capital": "George Town", "province": "Cayman Islands", "area": 262, "population": 61944}, "country_province": "Cayman Islands", "population_growth": 2.14, "infant_mortality": 6.21, "_id": {"$oid": "61a86448ff5808e6bcda0445"}}
{"country_code": {"_id": {"$oid": "61a853fc9abb2b800db79759"}, "name": "Canada", "code": "CDN", "capital": "Ottawa", "province": "Ontario", "area": 9976140, "population": 35151728}, "country_province": "Ontario", "population_growth": 0.76, "infant_mortality": 4.71, "_id": {"$oid": "61a86448ff5808e6bcda0446"}}
{"country_code": {"_id": {"$oid": "61a853fc9abb2b800db796c2"}, "name": "Ceuta", "code": "CEU", "capital": "Ceuta", "province": "Ceuta", "area": 18, "population": 82376}, "country_province": "Ceuta", "population_growth": "", "infant_mortality": "", "_id": {"$oid": "61a86448ff5808e6bcda0447"}}
{"country_code": {"_id": {"$oid": "61a853fc9abb2b800db79739"}, "name": "Congo, Dem.Rep.", "code": "CGO", "capital": "Kinshasa", "province": "Kinshasa", "area": 2345410, "population": 86026000}, "country_province": "Kinshasa", "population_growth": 2.5, "infant_mortality": 73.15, "_id": {"$oid": "61a86448ff5808e6bcda0448"}}
{"country_code": {"_id": {"$oid": "61a853fc9abb2b800db796a7"}, "name": "Switzerland", "code": "CH", "capital": "Bern", "province": "Bern", "area": 41290, "population": 8139631}, "country_province": "Bern", "population_growth": 0.78, "infant_mortality": 3.73, "_id": {"$oid": "61a86448ff5808e6bcda0449"}}
{"country_code": {"_id": {"$oid": "61a853fc9abb2b800db7972b"}, "name": "Cote d''Ivoire", "code": "CI", "capital": "Yamoussoukro", "province": "Yamoussoukro", "area": 322460, "population": 22671331}, "country_province": "Yamoussoukro", "population_growth": 1.96, "infant_mortality": 60.16, "_id": {"$oid": "61a86448ff5808e6bcda044a"}}
{"country_code": {"_id": {"$oid": "61a853fc9abb2b800db796ef"}, "name": "Sri Lanka", "code": "CL", "capital": "Sri Jayawardhanapura", "province": "Sri Lanka", "area": 65610, "population": 20263723}, "country_province": "Sri Lanka", "population_growth": 0.86, "infant_mortality": 9.02, "_id": {"$oid": "61a86448ff5808e6bcda044b"}}
{"country_code": {"_id": {"$oid": "61a853fc9abb2b800db796f0"}, "name": "China", "code": "CN", "capital": "Beijing", "province": "Beijing", "area": 9596960, "population": 1427647786}, "country_province": "Beijing", "population_growth": 0.44, "infant_mortality": 14.79, "_id": {"$oid": "61a86448ff5808e6bcda044c"}}
{"country_code": {"_id": {"$oid": "61a853fc9abb2b800db79783"}, "name": "Colombia", "code": "CO", "capital": "Bogot\u00e1", "province": "Santa Fe de Bogot\u00e1", "area": 1138910, "population": 47661787}, "country_province": "Santa Fe de Bogot\u00e1", "population_growth": 1.07, "infant_mortality": 15.02, "_id": {"$oid": "61a86448ff5808e6bcda044d"}}
{"country_code": {"_id": {"$oid": "61a853fc9abb2b800db79707"}, "name": "Cocos Islands", "code": "COCO", "capital": "West Island", "province": "Cocos Islands", "area": 14, "population": 544}, "country_province": "Cocos Islands", "population_growth": "", "infant_mortality": "", "_id": {"$oid": "61a86448ff5808e6bcda044e"}}
{"country_code": {"_id": {"$oid": "61a853fc9abb2b800db79750"}, "name": "Comoros", "code": "COM", "capital": "Moroni", "province": "Comoros", "area": 2170, "population": 683081}, "country_province": "Comoros", "population_growth": 1.87, "infant_mortality": 65.31, "_id": {"$oid": "61a86448ff5808e6bcda044f"}}
{"country_code": {"_id": {"$oid": "61a853fc9abb2b800db79719"}, "name": "Cook Islands", "code": "COOK", "capital": "Avarua", "province": "Cook Islands", "area": 240, "population": 17459}, "country_province": "Cook Islands", "population_growth": -3, "infant_mortality": 14.33, "_id": {"$oid": "61a86448ff5808e6bcda0450"}}
{"country_code": {"_id": {"$oid": "61a853fc9abb2b800db79761"}, "name": "Costa Rica", "code": "CR", "capital": "San Jos\u00e9", "province": "San Jos\u00e9", "area": 51100, "population": 4773119}, "country_province": "San Jos\u00e9", "population_growth": 1.24, "infant_mortality": 8.7, "_id": {"$oid": "61a86448ff5808e6bcda0451"}}
{"country_code": {"_id": {"$oid": "61a853fc9abb2b800db7977d"}, "name": "Curacao", "code": "CUR", "capital": "Willemstad", "province": "Curacao", "area": 444, "population": 150563}, "country_province": "Curacao", "population_growth": "", "infant_mortality": "", "_id": {"$oid": "61a86448ff5808e6bcda0452"}}
{"country_code": {"_id": {"$oid": "61a853fc9abb2b800db7974d"}, "name": "Cape Verde", "code": "CV", "capital": "Praia", "province": "Cape Verde", "area": 4033, "population": 491875}, "country_province": "Cape Verde", "population_growth": 1.39, "infant_mortality": 24.28, "_id": {"$oid": "61a86448ff5808e6bcda0453"}}
{"country_code": {"_id": {"$oid": "61a853fc9abb2b800db7969a"}, "name": "Cyprus", "code": "CY", "capital": "Lefkosia", "province": "Cyprus", "area": 9251, "population": 1133803}, "country_province": "Cyprus", "population_growth": 1.48, "infant_mortality": 8.54, "_id": {"$oid": "61a86448ff5808e6bcda0454"}}
{"country_code": {"_id": {"$oid": "61a853fc9abb2b800db796a2"}, "name": "Czech Republic", "code": "CZ", "capital": "Praha", "province": "Praha", "area": 78703, "population": 10562214}, "country_province": "Praha", "population_growth": 0.17, "infant_mortality": 2.63, "_id": {"$oid": "61a86448ff5808e6bcda0455"}}
{"country_code": {"_id": {"$oid": "61a853fc9abb2b800db796a4"}, "name": "Germany", "code": "D", "capital": "Berlin", "province": "Berlin", "area": 356910, "population": 82521653}, "country_province": "Berlin", "population_growth": -0.18, "infant_mortality": 3.46, "_id": {"$oid": "61a86448ff5808e6bcda0456"}}
{"country_code": {"_id": {"$oid": "61a853fc9abb2b800db7974a"}, "name": "Djibouti", "code": "DJI", "capital": "Djibouti", "province": "Djibouti", "area": 22000, "population": 834036}, "country_province": "Djibouti", "population_growth": 2.23, "infant_mortality": 50.2, "_id": {"$oid": "61a86448ff5808e6bcda0457"}}
{"country_code": {"_id": {"$oid": "61a853fc9abb2b800db796b9"}, "name": "Denmark", "code": "DK", "capital": "Copenhagen", "province": "Hovedstaden", "area": 43070, "population": 5678348}, "country_province": "Hovedstaden", "population_growth": 0.22, "infant_mortality": 4.1, "_id": {"$oid": "61a86448ff5808e6bcda0458"}}
{"country_code": {"_id": {"$oid": "61a853fc9abb2b800db79769"}, "name": "Dominican Republic", "code": "DOM", "capital": "Santo Domingo", "province": "Dominican Republic", "area": 48730, "population": 9445281}, "country_province": "Dominican Republic", "population_growth": 1.25, "infant_mortality": 19.63, "_id": {"$oid": "61a86448ff5808e6bcda0459"}}
{"country_code": {"_id": {"$oid": "61a853fc9abb2b800db7971f"}, "name": "Algeria", "code": "DZ", "capital": "Algiers", "province": "Algeria", "area": 2381740, "population": 37062820}, "country_province": "Algeria", "population_growth": 1.88, "infant_mortality": 21.76, "_id": {"$oid": "61a86448ff5808e6bcda045a"}}
{"country_code": {"_id": {"$oid": "61a853fc9abb2b800db796a1"}, "name": "Spain", "code": "E", "capital": "Madrid", "province": "Madrid", "area": 504750, "population": 46815916}, "country_province": "Madrid", "population_growth": 0.78, "infant_mortality": 2.7, "_id": {"$oid": "61a86448ff5808e6bcda045b"}}
{"country_code": {"_id": {"$oid": "61a853fc9abb2b800db79748"}, "name": "Kenya", "code": "EAK", "capital": "Nairobi", "province": "Kenya", "area": 582650, "population": 40909194}, "country_province": "Kenya", "population_growth": 2.11, "infant_mortality": 40.71, "_id": {"$oid": "61a86448ff5808e6bcda045c"}}
{"country_code": {"_id": {"$oid": "61a853fc9abb2b800db79744"}, "name": "Tanzania", "code": "EAT", "capital": "Dodoma", "province": "Dodoma", "area": 945090, "population": 44928923}, "country_province": "Dodoma", "population_growth": 2.8, "infant_mortality": 43.74, "_id": {"$oid": "61a86448ff5808e6bcda045d"}}
{"country_code": {"_id": {"$oid": "61a853fc9abb2b800db79747"}, "name": "Uganda", "code": "EAU", "capital": "Kampala", "province": "Central", "area": 236040, "population": 34634650}, "country_province": "Central", "population_growth": 3.24, "infant_mortality": 60.82, "_id": {"$oid": "61a86448ff5808e6bcda045e"}}
{"country_code": {"_id": {"$oid": "61a853fc9abb2b800db79784"}, "name": "Ecuador", "code": "EC", "capital": "Quito", "province": "Ecuador", "area": 283560, "population": 14483499}, "country_province": "Ecuador", "population_growth": 1.37, "infant_mortality": 17.93, "_id": {"$oid": "61a86448ff5808e6bcda045f"}}
{"country_code": {"_id": {"$oid": "61a853fc9abb2b800db7974c"}, "name": "Eritrea", "code": "ER", "capital": "Asmara", "province": "Eritrea", "area": 121320, "population": 5741159}, "country_province": "Eritrea", "population_growth": 2.3, "infant_mortality": 38.44, "_id": {"$oid": "61a86448ff5808e6bcda0460"}}
{"country_code": {"_id": {"$oid": "61a853fc9abb2b800db7975e"}, "name": "El Salvador", "code": "ES", "capital": "San Salvador", "province": "El Salvador", "area": 21040, "population": 6290420}, "country_province": "El Salvador", "population_growth": 0.27, "infant_mortality": 18.44, "_id": {"$oid": "61a86448ff5808e6bcda0461"}}
{"country_code": {"_id": {"$oid": "61a853fc9abb2b800db796aa"}, "name": "Estonia", "code": "EST", "capital": "Tallinn", "province": "Estonia", "area": 45100, "population": 1294455}, "country_province": "Estonia", "population_growth": -0.68, "infant_mortality": 6.7, "_id": {"$oid": "61a86448ff5808e6bcda0462"}}
{"country_code": {"_id": {"$oid": "61a853fc9abb2b800db7971c"}, "name": "Egypt", "code": "ET", "capital": "Al Qahirah", "province": "Egypt", "area": 1001450, "population": 94798827}, "country_province": "Egypt", "population_growth": 1.84, "infant_mortality": 22.41, "_id": {"$oid": "61a86448ff5808e6bcda0463"}}
{"country_code": {"_id": {"$oid": "61a853fc9abb2b800db7974b"}, "name": "Ethiopia", "code": "ETH", "capital": "Addis Ababa", "province": "Addis Ababa", "area": 1127127, "population": 84320987}, "country_province": "Addis Ababa", "population_growth": 2.89, "infant_mortality": 55.77, "_id": {"$oid": "61a86448ff5808e6bcda0464"}}
{"country_code": {"_id": {"$oid": "61a853fc9abb2b800db796a0"}, "name": "France", "code": "F", "capital": "Paris", "province": "\u00cele-de-France", "area": 547030, "population": 64300821}, "country_province": "\u00cele-de-France", "population_growth": 0.45, "infant_mortality": 3.31, "_id": {"$oid": "61a86448ff5808e6bcda0465"}}
{"country_code": {"_id": {"$oid": "61a853fc9abb2b800db7978c"}, "name": "Falkland Islands", "code": "FALK", "capital": "Stanley", "province": "Falkland Islands", "area": 12173, "population": 3398}, "country_province": "Falkland Islands", "population_growth": 0.01, "infant_mortality": "", "_id": {"$oid": "61a86448ff5808e6bcda0466"}}
{"country_code": {"_id": {"$oid": "61a853fc9abb2b800db79782"}, "name": "French Guiana", "code": "FGU", "capital": "Cayenne", "province": "French Guiana", "area": 83534, "population": 268700}, "country_province": "French Guiana", "population_growth": 3.86, "infant_mortality": 14.6, "_id": {"$oid": "61a86448ff5808e6bcda0467"}}
{"country_code": {"_id": {"$oid": "61a853fc9abb2b800db79716"}, "name": "Fiji", "code": "FJI", "capital": "Suva", "province": "Fiji", "area": 18270, "population": 884887}, "country_province": "Fiji", "population_growth": 0.7, "infant_mortality": 10.2, "_id": {"$oid": "61a86448ff5808e6bcda0468"}}
{"country_code": {"_id": {"$oid": "61a853fc9abb2b800db796a8"}, "name": "Liechtenstein", "code": "FL", "capital": "Vaduz", "province": "Liechtenstein", "area": 160, "population": 36149}, "country_province": "Liechtenstein", "population_growth": 0.82, "infant_mortality": 4.33, "_id": {"$oid": "61a86448ff5808e6bcda0469"}}
{"country_code": {"_id": {"$oid": "61a853fc9abb2b800db796bb"}, "name": "Faroe Islands", "code": "FO", "capital": "T\u00f3rshavn", "province": "Faroe Islands", "area": 1400, "population": 48346}, "country_province": "Faroe Islands", "population_growth": 0.49, "infant_mortality": 5.71, "_id": {"$oid": "61a86448ff5808e6bcda046a"}}
{"country_code": {"_id": {"$oid": "61a853fc9abb2b800db7971a"}, "name": "French Polynesia", "code": "FPOL", "capital": "Papeete", "province": "French Polynesia", "area": 4167, "population": 275918}, "country_province": "French Polynesia", "population_growth": 0.97, "infant_mortality": 4.78, "_id": {"$oid": "61a86448ff5808e6bcda046b"}}
{"country_code": {"_id": {"$oid": "61a853fc9abb2b800db7970d"}, "name": "Micronesia", "code": "FSM", "capital": "Palikir", "province": "Micronesia", "area": 702, "population": 102843}, "country_province": "Micronesia", "population_growth": -0.42, "infant_mortality": 21.93, "_id": {"$oid": "61a86448ff5808e6bcda046c"}}
{"country_code": {"_id": {"$oid": "61a853fc9abb2b800db79737"}, "name": "Gabon", "code": "G", "capital": "Libreville", "province": "Gabon", "area": 267670, "population": 1811079}, "country_province": "Gabon", "population_growth": 1.94, "infant_mortality": 47.03, "_id": {"$oid": "61a86448ff5808e6bcda046d"}}
{"country_code": {"_id": {"$oid": "61a853fc9abb2b800db796d4"}, "name": "Gaza Strip", "code": "GAZA", "capital": "", "province": "", "area": 365, "population": 1899291}, "country_province": "", "population_growth": 4.55, "infant_mortality": 30.6, "_id": {"$oid": "61a86448ff5808e6bcda046e"}}
{"country_code": {"_id": {"$oid": "61a853fc9abb2b800db796ca"}, "name": "United Kingdom", "code": "GB", "capital": "London", "province": "London", "area": 244820, "population": 64105654}, "country_province": "London", "population_growth": 0.54, "infant_mortality": 4.44, "_id": {"$oid": "61a86448ff5808e6bcda046f"}}
{"country_code": {"_id": {"$oid": "61a853fc9abb2b800db796cc"}, "name": "Guernsey", "code": "GBG", "capital": "Saint Peter Port", "province": "Guernsey", "area": 194, "population": 64540}, "country_province": "Guernsey", "population_growth": 0.36, "infant_mortality": 3.47, "_id": {"$oid": "61a86448ff5808e6bcda0470"}}
{"country_code": {"_id": {"$oid": "61a853fc9abb2b800db796cd"}, "name": "Jersey", "code": "GBJ", "capital": "Saint Helier", "province": "Jersey", "area": 117, "population": 97857}, "country_province": "Jersey", "population_growth": 0.81, "infant_mortality": 3.86, "_id": {"$oid": "61a86448ff5808e6bcda0471"}}
{"country_code": {"_id": {"$oid": "61a853fc9abb2b800db796c6"}, "name": "Isle of Man", "code": "GBM", "capital": "Douglas", "province": "Isle of Man", "area": 588, "population": 84497}, "country_province": "Isle of Man", "population_growth": 0.8, "infant_mortality": 4.17, "_id": {"$oid": "61a86448ff5808e6bcda0472"}}
{"country_code": {"_id": {"$oid": "61a853fc9abb2b800db796cb"}, "name": "Gibraltar", "code": "GBZ", "capital": "Gibraltar", "province": "Gibraltar", "area": 6.5, "population": 32577}, "country_province": "Gibraltar", "population_growth": 0.25, "infant_mortality": 6.29, "_id": {"$oid": "61a86448ff5808e6bcda0473"}}
{"country_code": {"_id": {"$oid": "61a853fc9abb2b800db7975d"}, "name": "Guatemala", "code": "GCA", "capital": "Ciudad de Guatemala", "province": "Guatemala", "area": 108890, "population": 15073375}, "country_province": "Guatemala", "population_growth": 1.86, "infant_mortality": 23.51, "_id": {"$oid": "61a86448ff5808e6bcda0474"}}
{"country_code": {"_id": {"$oid": "61a853fc9abb2b800db796cf"}, "name": "Georgia", "code": "GE", "capital": "Tbilisi", "province": "Georgia", "area": 69700, "population": 4010000}, "country_province": "Georgia", "population_growth": -0.11, "infant_mortality": 16.68, "_id": {"$oid": "61a86448ff5808e6bcda0475"}}
{"country_code": {"_id": {"$oid": "61a853fc9abb2b800db7972c"}, "name": "Ghana", "code": "GH", "capital": "Accra", "province": "Greater Accra", "area": 238540, "population": 24658823}, "country_province": "Greater Accra", "population_growth": 2.19, "infant_mortality": 38.52, "_id": {"$oid": "61a86448ff5808e6bcda0476"}}
{"country_code": {"_id": {"$oid": "61a853fc9abb2b800db79756"}, "name": "Greenland", "code": "GL", "capital": "Nuuk", "province": "Greenland", "area": 2175600, "population": 56370}, "country_province": "Greenland", "population_growth": 0.02, "infant_mortality": 9.42, "_id": {"$oid": "61a86448ff5808e6bcda0477"}}
{"country_code": {"_id": {"$oid": "61a853fc9abb2b800db79736"}, "name": "Equatorial Guinea", "code": "GQ", "capital": "Malabo", "province": "Insular", "area": 28050, "population": 1222442}, "country_province": "Insular", "population_growth": 2.54, "infant_mortality": 71.12, "_id": {"$oid": "61a86448ff5808e6bcda0478"}}
{"country_code": {"_id": {"$oid": "61a853fc9abb2b800db79699"}, "name": "Greece", "code": "GR", "capital": "Athina", "province": "Attikis", "area": 131940, "population": 10816286}, "country_province": "Attikis", "population_growth": 0.01, "infant_mortality": 4.78, "_id": {"$oid": "61a86448ff5808e6bcda0479"}}
{"country_code": {"_id": {"$oid": "61a853fc9abb2b800db79774"}, "name": "Guadeloupe", "code": "GUAD", "capital": "Basse-Terre", "province": "Guadeloupe", "area": 1628, "population": 394110}, "country_province": "Guadeloupe", "population_growth": 1.2, "infant_mortality": 8.3, "_id": {"$oid": "61a86448ff5808e6bcda047a"}}
{"country_code": {"_id": {"$oid": "61a853fc9abb2b800db7970c"}, "name": "Guam", "code": "GUAM", "capital": "Hag\u00e5t\u00f1a", "province": "Guam", "area": 545, "population": 159358}, "country_province": "Guam", "population_growth": 0.44, "infant_mortality": 5.51, "_id": {"$oid": "61a86448ff5808e6bcda047b"}}
{"country_code": {"_id": {"$oid": "61a853fc9abb2b800db79726"}, "name": "Guinea-Bissau", "code": "GUB", "capital": "Bissau", "province": "Guinea-Bissau", "area": 36120, "population": 1586624}, "country_province": "Guinea-Bissau", "population_growth": 1.93, "infant_mortality": 90.92, "_id": {"$oid": "61a86448ff5808e6bcda047c"}}
{"country_code": {"_id": {"$oid": "61a853fc9abb2b800db79780"}, "name": "Guyana", "code": "GUY", "capital": "Georgetown", "province": "Guyana", "area": 214970, "population": 747884}, "country_province": "Guyana", "population_growth": -0.11, "infant_mortality": 33.56, "_id": {"$oid": "61a86448ff5808e6bcda047d"}}
{"country_code": {"_id": {"$oid": "61a853fc9abb2b800db796a5"}, "name": "Hungary", "code": "H", "capital": "Budapest", "province": "Budapest", "area": 93030, "population": 9937628}, "country_province": "Budapest", "population_growth": -0.21, "infant_mortality": 5.09, "_id": {"$oid": "61a86448ff5808e6bcda047e"}}
{"country_code": {"_id": {"$oid": "61a853fc9abb2b800db79755"}, "name": "Saint Helena", "code": "HELX", "capital": "Jamestown", "province": "Saint Helena", "area": 391, "population": 4577}, "country_province": "Saint Helena", "population_growth": 0.45, "infant_mortality": 17.63, "_id": {"$oid": "61a86448ff5808e6bcda047f"}}
{"country_code": {"_id": {"$oid": "61a853fc9abb2b800db796f2"}, "name": "Hong Kong", "code": "HK", "capital": "Hong Kong", "province": "Hong Kong", "area": 1092, "population": 7336585}, "country_province": "Hong Kong", "population_growth": 0.41, "infant_mortality": 2.73, "_id": {"$oid": "61a86448ff5808e6bcda0480"}}
{"country_code": {"_id": {"$oid": "61a853fc9abb2b800db7975f"}, "name": "Honduras", "code": "HN", "capital": "Tegucigalpa", "province": "Francisco Moraz\u00e1n", "area": 112090, "population": 8045990}, "country_province": "Francisco Moraz\u00e1n", "population_growth": 1.74, "infant_mortality": 18.72, "_id": {"$oid": "61a86448ff5808e6bcda0481"}}
{"country_code": {"_id": {"$oid": "61a853fc9abb2b800db796b5"}, "name": "Croatia", "code": "HR", "capital": "Zagreb", "province": "Croatia", "area": 56538, "population": 4290612}, "country_province": "Croatia", "population_growth": -0.12, "infant_mortality": 5.87, "_id": {"$oid": "61a86448ff5808e6bcda0482"}}
{"country_code": {"_id": {"$oid": "61a853fc9abb2b800db796a6"}, "name": "Italy", "code": "I", "capital": "Roma", "province": "Lazio", "area": 301230, "population": 59433744}, "country_province": "Lazio", "population_growth": 0.3, "infant_mortality": 3.31, "_id": {"$oid": "61a86448ff5808e6bcda0483"}}
{"country_code": {"_id": {"$oid": "61a853fc9abb2b800db796d5"}, "name": "Israel", "code": "IL", "capital": "Yerushalayim", "province": "Yerushalayim", "area": 22072, "population": 7420368}, "country_province": "Yerushalayim", "population_growth": 1.46, "infant_mortality": 3.98, "_id": {"$oid": "61a86448ff5808e6bcda0484"}}
{"country_code": {"_id": {"$oid": "61a853fc9abb2b800db796ea"}, "name": "India", "code": "IND", "capital": "Delhi", "province": "Delhi", "area": 3287590, "population": 1210854977}, "country_province": "Delhi", "population_growth": 1.25, "infant_mortality": 43.19, "_id": {"$oid": "61a86448ff5808e6bcda0485"}}
{"country_code": {"_id": {"$oid": "61a853fc9abb2b800db796e0"}, "name": "Iran", "code": "IR", "capital": "Tehran", "province": "Tehran", "area": 1648000, "population": 79926270}, "country_province": "Tehran", "population_growth": 1.22, "infant_mortality": 39, "_id": {"$oid": "61a86448ff5808e6bcda0486"}}
{"country_code": {"_id": {"$oid": "61a853fc9abb2b800db796bc"}, "name": "Ireland", "code": "IRL", "capital": "Dublin", "province": "Ireland", "area": 70280, "population": 4588252}, "country_province": "Ireland", "population_growth": 1.2, "infant_mortality": 3.74, "_id": {"$oid": "61a86448ff5808e6bcda0487"}}
{"country_code": {"_id": {"$oid": "61a853fc9abb2b800db796df"}, "name": "Iraq", "code": "IRQ", "capital": "Baghdad", "province": "Baghdad", "area": 437072, "population": 33330512}, "country_province": "Baghdad", "population_growth": 2.23, "infant_mortality": 37.53, "_id": {"$oid": "61a86448ff5808e6bcda0488"}}
{"country_code": {"_id": {"$oid": "61a853fc9abb2b800db796ba"}, "name": "Iceland", "code": "IS", "capital": "Reykjavik", "province": "Iceland", "area": 103000, "population": 332529}, "country_province": "Iceland", "population_growth": 0.65, "infant_mortality": 3.15, "_id": {"$oid": "61a86448ff5808e6bcda0489"}}
{"country_code": {"_id": {"$oid": "61a853fc9abb2b800db796f6"}, "name": "Japan", "code": "J", "capital": "Tokyo", "province": "Tokyo", "area": 377835, "population": 127094745}, "country_province": "Tokyo", "population_growth": -0.13, "infant_mortality": 2.13, "_id": {"$oid": "61a86448ff5808e6bcda048a"}}
{"country_code": {"_id": {"$oid": "61a853fc9abb2b800db79767"}, "name": "Jamaica", "code": "JA", "capital": "Kingston", "province": "Jamaica", "area": 10991, "population": 2697983}, "country_province": "Jamaica", "population_growth": 0.69, "infant_mortality": 13.69, "_id": {"$oid": "61a86448ff5808e6bcda048b"}}
{"country_code": {"_id": {"$oid": "61a853fc9abb2b800db796d7"}, "name": "Jordan", "code": "JOR", "capital": "Amman", "province": "Jordan", "area": 89213, "population": 9131712}, "country_province": "Jordan", "population_growth": 3.86, "infant_mortality": 15.73, "_id": {"$oid": "61a86448ff5808e6bcda048c"}}
{"country_code": {"_id": {"$oid": "61a853fc9abb2b800db796f9"}, "name": "Cambodia", "code": "K", "capital": "Phnom Penh", "province": "Cambodia", "area": 181040, "population": 15288489}, "country_province": "Cambodia", "population_growth": 1.63, "infant_mortality": 51.36, "_id": {"$oid": "61a86448ff5808e6bcda048d"}}
{"country_code": {"_id": {"$oid": "61a853fc9abb2b800db796e5"}, "name": "Kyrgyzstan", "code": "KG", "capital": "Bishkek", "province": "Kyrgyzstan", "area": 198500, "population": 6256700}, "country_province": "Kyrgyzstan", "population_growth": 1.04, "infant_mortality": 28.71, "_id": {"$oid": "61a86448ff5808e6bcda048e"}}
{"country_code": {"_id": {"$oid": "61a853fc9abb2b800db79710"}, "name": "Kiribati", "code": "KIR", "capital": "Tarawa", "province": "Kiribati", "area": 717, "population": 110136}, "country_province": "Kiribati", "population_growth": 1.18, "infant_mortality": 35.37, "_id": {"$oid": "61a86448ff5808e6bcda048f"}}
{"country_code": {"_id": {"$oid": "61a853fc9abb2b800db79771"}, "name": "Saint Kitts and Nevis", "code": "KN", "capital": "Basseterre", "province": "Saint Kitts and Nevis", "area": 269, "population": 46398}, "country_province": "Saint Kitts and Nevis", "population_growth": 0.78, "infant_mortality": 8.98, "_id": {"$oid": "61a86448ff5808e6bcda0490"}}
{"country_code": {"_id": {"$oid": "61a853fc9abb2b800db7969e"}, "name": "Kosovo", "code": "KOS", "capital": "Prishtine", "province": "Kosovo", "area": 10887, "population": 1733872}, "country_province": "Kosovo", "population_growth": "", "infant_mortality": "", "_id": {"$oid": "61a86448ff5808e6bcda0491"}}
{"country_code": {"_id": {"$oid": "61a853fc9abb2b800db796f4"}, "name": "North Korea", "code": "KP", "capital": "Pyongyang", "province": "North Korea", "area": 120540, "population": 24500520}, "country_province": "North Korea", "population_growth": 0.53, "infant_mortality": 24.5, "_id": {"$oid": "61a86448ff5808e6bcda0492"}}
{"country_code": {"_id": {"$oid": "61a853fc9abb2b800db796de"}, "name": "Kuwait", "code": "KWT", "capital": "Al Kuwayt", "province": "Kuwait", "area": 17820, "population": 2991580}, "country_province": "Kuwait", "population_growth": 1.7, "infant_mortality": 7.51, "_id": {"$oid": "61a86448ff5808e6bcda0493"}}
{"country_code": {"_id": {"$oid": "61a853fc9abb2b800db796e6"}, "name": "Kazakhstan", "code": "KZ", "capital": "Nur-Sultan", "province": "Astana", "area": 2717300, "population": 17165239}, "country_province": "Astana", "population_growth": 1.17, "infant_mortality": 21.61, "_id": {"$oid": "61a86448ff5808e6bcda0494"}}
{"country_code": {"_id": {"$oid": "61a853fc9abb2b800db796b2"}, "name": "Luxembourg", "code": "L", "capital": "Luxembourg", "province": "Luxembourg", "area": 2586, "population": 524853}, "country_province": "Luxembourg", "population_growth": 1.12, "infant_mortality": 4.28, "_id": {"$oid": "61a86448ff5808e6bcda0495"}}
{"country_code": {"_id": {"$oid": "61a853fc9abb2b800db796fa"}, "name": "Laos", "code": "LAO", "capital": "Vientiane", "province": "Laos", "area": 236800, "population": 6514432}, "country_province": "Laos", "population_growth": 1.59, "infant_mortality": 54.53, "_id": {"$oid": "61a86448ff5808e6bcda0496"}}
{"country_code": {"_id": {"$oid": "61a853fc9abb2b800db7971d"}, "name": "Libya", "code": "LAR", "capital": "Tripoli", "province": "Libya", "area": 1759540, "population": 6040612}, "country_province": "Libya", "population_growth": 3.08, "infant_mortality": 11.87, "_id": {"$oid": "61a86448ff5808e6bcda0497"}}
{"country_code": {"_id": {"$oid": "61a853fc9abb2b800db79729"}, "name": "Liberia", "code": "LB", "capital": "Monrovia", "province": "Liberia", "area": 111370, "population": 3957990}, "country_province": "Liberia", "population_growth": 2.52, "infant_mortality": 69.19, "_id": {"$oid": "61a86448ff5808e6bcda0498"}}
{"country_code": {"_id": {"$oid": "61a853fc9abb2b800db7973e"}, "name": "Lesotho", "code": "LS", "capital": "Maseru", "province": "Lesotho", "area": 30350, "population": 2007201}, "country_province": "Lesotho", "population_growth": 0.34, "infant_mortality": 50.48, "_id": {"$oid": "61a86448ff5808e6bcda0499"}}
{"country_code": {"_id": {"$oid": "61a853fc9abb2b800db796ac"}, "name": "Lithuania", "code": "LT", "capital": "Vilnius", "province": "Lithuania", "area": 65200, "population": 2979310}, "country_province": "Lithuania", "population_growth": -0.29, "infant_mortality": 6, "_id": {"$oid": "61a86448ff5808e6bcda049a"}}
{"country_code": {"_id": {"$oid": "61a853fc9abb2b800db796ab"}, "name": "Latvia", "code": "LV", "capital": "R\u012bga", "province": "Latvia", "area": 64100, "population": 2201196}, "country_province": "Latvia", "population_growth": -0.62, "infant_mortality": 7.91, "_id": {"$oid": "61a86448ff5808e6bcda049b"}}
{"country_code": {"_id": {"$oid": "61a853fc9abb2b800db796c5"}, "name": "Malta", "code": "M", "capital": "Valletta", "province": "Malta", "area": 316, "population": 475800}, "country_province": "Malta", "population_growth": 0.33, "infant_mortality": 3.59, "_id": {"$oid": "61a86448ff5808e6bcda049c"}}
{"country_code": {"_id": {"$oid": "61a853fc9abb2b800db79720"}, "name": "Morocco", "code": "MA", "capital": "Rabat", "province": "Rabat Sale Zemmour Zaer", "area": 446550, "population": 33337529}, "country_province": "Rabat Sale Zemmour Zaer", "population_growth": 1.02, "infant_mortality": 24.52, "_id": {"$oid": "61a86448ff5808e6bcda049d"}}
{"country_code": {"_id": {"$oid": "61a853fc9abb2b800db796f3"}, "name": "Macao", "code": "MACX", "capital": "Macao", "province": "Macao", "area": 16, "population": 650834}, "country_province": "Macao", "population_growth": 0.83, "infant_mortality": 3.13, "_id": {"$oid": "61a86448ff5808e6bcda049e"}}
{"country_code": {"_id": {"$oid": "61a853fc9abb2b800db796fc"}, "name": "Malaysia", "code": "MAL", "capital": "Kuala Lumpur", "province": "Kuala Lumpur", "area": 329750, "population": 27565821}, "country_province": "Kuala Lumpur", "population_growth": 1.47, "infant_mortality": 13.69, "_id": {"$oid": "61a86448ff5808e6bcda049f"}}
{"country_code": {"_id": {"$oid": "61a853fc9abb2b800db79776"}, "name": "Martinique", "code": "MART", "capital": "Fort-de-France", "province": "Martinique", "area": 1128, "population": 385551}, "country_province": "Martinique", "population_growth": 1.1, "infant_mortality": 7.1, "_id": {"$oid": "61a86448ff5808e6bcda04a0"}}
{"country_code": {"_id": {"$oid": "61a853fc9abb2b800db79751"}, "name": "Mayotte", "code": "MAYO", "capital": "Mamoutzou", "province": "Mayotte", "area": 374, "population": 256518}, "country_province": "Mayotte", "population_growth": 3.32, "infant_mortality": 56.29, "_id": {"$oid": "61a86448ff5808e6bcda04a1"}}
{"country_code": {"_id": {"$oid": "61a853fc9abb2b800db796c0"}, "name": "Monaco", "code": "MC", "capital": "Monaco", "province": "Monaco", "area": 1.9, "population": 36845}, "country_province": "Monaco", "population_growth": 0.06, "infant_mortality": 1.81, "_id": {"$oid": "61a86448ff5808e6bcda04a2"}}
{"country_code": {"_id": {"$oid": "61a853fc9abb2b800db796c7"}, "name": "Moldova", "code": "MD", "capital": "Chi\u015fin\u0103u", "province": "Moldova", "area": 33700, "population": 3473900}, "country_province": "Moldova", "population_growth": -1.02, "infant_mortality": 12.93, "_id": {"$oid": "61a86448ff5808e6bcda04a3"}}
{"country_code": {"_id": {"$oid": "61a853fc9abb2b800db796c3"}, "name": "Melilla", "code": "MEL", "capital": "Melilla", "province": "Melilla", "area": 12, "population": 78476}, "country_province": "Melilla", "population_growth": "", "infant_mortality": "", "_id": {"$oid": "61a86448ff5808e6bcda04a4"}}
{"country_code": {"_id": {"$oid": "61a853fc9abb2b800db7975b"}, "name": "Mexico", "code": "MEX", "capital": "Ciudad de M\u00e9xico", "province": "Distrito Federal", "area": 1972550, "population": 112336538}, "country_province": "Distrito Federal", "population_growth": 1.21, "infant_mortality": 12.58, "_id": {"$oid": "61a86448ff5808e6bcda04a5"}}
{"country_code": {"_id": {"$oid": "61a853fc9abb2b800db7970e"}, "name": "Marshall Islands", "code": "MH", "capital": "Majuro", "province": "Marshall Islands", "area": 181.3, "population": 53158}, "country_province": "Marshall Islands", "population_growth": 1.72, "infant_mortality": 21.39, "_id": {"$oid": "61a86448ff5808e6bcda04a6"}}
{"country_code": {"_id": {"$oid": "61a853fc9abb2b800db7969b"}, "name": "North Macedonia", "code": "MK", "capital": "Skopje", "province": "North Macedonia", "area": 25333, "population": 2059794}, "country_province": "North Macedonia", "population_growth": 0.21, "infant_mortality": 7.9, "_id": {"$oid": "61a86448ff5808e6bcda04a7"}}
{"country_code": {"_id": {"$oid": "61a853fc9abb2b800db7969d"}, "name": "Montenegro", "code": "MNE", "capital": "Podgorica", "province": "Montenegro", "area": 14026, "population": 620029}, "country_province": "Montenegro", "population_growth": -0.49, "infant_mortality": "", "_id": {"$oid": "61a86448ff5808e6bcda04a8"}}
{"country_code": {"_id": {"$oid": "61a853fc9abb2b800db796e7"}, "name": "Mongolia", "code": "MNG", "capital": "Ulaanbaatar", "province": "Mongolia", "area": 1565000, "population": 2754685}, "country_province": "Mongolia", "population_growth": 1.37, "infant_mortality": 23.15, "_id": {"$oid": "61a86448ff5808e6bcda04a9"}}
{"country_code": {"_id": {"$oid": "61a853fc9abb2b800db79773"}, "name": "Montserrat", "code": "MNTS", "capital": "Plymouth", "province": "Montserrat", "area": 102, "population": 4922}, "country_province": "Montserrat", "population_growth": 0.48, "infant_mortality": 13.66, "_id": {"$oid": "61a86448ff5808e6bcda04aa"}}
{"country_code": {"_id": {"$oid": "61a853fc9abb2b800db79740"}, "name": "Mozambique", "code": "MOC", "capital": "Maputo", "province": "Cidade de Maputo", "area": 801590, "population": 23700715}, "country_province": "Cidade de Maputo", "population_growth": 2.45, "infant_mortality": 72.42, "_id": {"$oid": "61a86448ff5808e6bcda04ab"}}
{"country_code": {"_id": {"$oid": "61a853fc9abb2b800db79753"}, "name": "Mauritius", "code": "MS", "capital": "Port Louis", "province": "Mauritius", "area": 2040, "population": 1237091}, "country_province": "Mauritius", "population_growth": 0.66, "infant_mortality": 10.59, "_id": {"$oid": "61a86448ff5808e6bcda04ac"}}
{"country_code": {"_id": {"$oid": "61a853fc9abb2b800db796e8"}, "name": "Maldives", "code": "MV", "capital": "Male", "province": "Maldives", "area": 300, "population": 402071}, "country_province": "Maldives", "population_growth": -0.09, "infant_mortality": 24.59, "_id": {"$oid": "61a86448ff5808e6bcda04ad"}}
{"country_code": {"_id": {"$oid": "61a853fc9abb2b800db79743"}, "name": "Malawi", "code": "MW", "capital": "Lilongwe", "province": "Malawi", "area": 118480, "population": 17563749}, "country_province": "Malawi", "population_growth": 3.32, "infant_mortality": 48.01, "_id": {"$oid": "61a86448ff5808e6bcda04ae"}}
{"country_code": {"_id": {"$oid": "61a853fc9abb2b800db796ee"}, "name": "Myanmar", "code": "MYA", "capital": "Nay Pyi Taw", "province": "Nay Pyi Taw", "area": 678500, "population": 51419420}, "country_province": "Nay Pyi Taw", "population_growth": 1.03, "infant_mortality": 44.91, "_id": {"$oid": "61a86448ff5808e6bcda04af"}}
{"country_code": {"_id": {"$oid": "61a853fc9abb2b800db796be"}, "name": "Norway", "code": "N", "capital": "Oslo", "province": "Oslo", "area": 324220, "population": 5051275}, "country_province": "Oslo", "population_growth": 1.19, "infant_mortality": 2.48, "_id": {"$oid": "61a86448ff5808e6bcda04b0"}}
{"country_code": {"_id": {"$oid": "61a853fc9abb2b800db7973b"}, "name": "Namibia", "code": "NAM", "capital": "Windhoek", "province": "Namibia", "area": 825418, "population": 2113077}, "country_province": "Namibia", "population_growth": 0.67, "infant_mortality": 45.64, "_id": {"$oid": "61a86448ff5808e6bcda04b1"}}
{"country_code": {"_id": {"$oid": "61a853fc9abb2b800db7970f"}, "name": "Nauru", "code": "NAU", "capital": "Yaren", "province": "Nauru", "area": 21, "population": 10025}, "country_province": "Nauru", "population_growth": 0.56, "infant_mortality": 8.21, "_id": {"$oid": "61a86448ff5808e6bcda04b2"}}
{"country_code": {"_id": {"$oid": "61a853fc9abb2b800db79704"}, "name": "New Caledonia", "code": "NCL", "capital": "Noumea", "province": "New Caledonia", "area": 19060, "population": 271407}, "country_province": "New Caledonia", "population_growth": 1.42, "infant_mortality": 5.46, "_id": {"$oid": "61a86448ff5808e6bcda04b3"}}
{"country_code": {"_id": {"$oid": "61a853fc9abb2b800db796eb"}, "name": "Nepal", "code": "NEP", "capital": "Kathmandu", "province": "Nepal", "area": 140800, "population": 26494504}, "country_province": "Nepal", "population_growth": 1.82, "infant_mortality": 40.43, "_id": {"$oid": "61a86448ff5808e6bcda04b4"}}
{"country_code": {"_id": {"$oid": "61a853fc9abb2b800db7972f"}, "name": "Nigeria", "code": "NGR", "capital": "Abuja", "province": "Abuja", "area": 923770, "population": 193392500}, "country_province": "Abuja", "population_growth": 2.47, "infant_mortality": 74.09, "_id": {"$oid": "61a86448ff5808e6bcda04b5"}}
{"country_code": {"_id": {"$oid": "61a853fc9abb2b800db79760"}, "name": "Nicaragua", "code": "NIC", "capital": "Managua", "province": "Nicaragua", "area": 129494, "population": 6327927}, "country_province": "Nicaragua", "population_growth": 1.02, "infant_mortality": 20.36, "_id": {"$oid": "61a86448ff5808e6bcda04b6"}}
{"country_code": {"_id": {"$oid": "61a853fc9abb2b800db79718"}, "name": "Niue", "code": "NIUE", "capital": "Alofi", "province": "Niue", "area": 260, "population": 1611}, "country_province": "Niue", "population_growth": -0.03, "infant_mortality": "", "_id": {"$oid": "61a86448ff5808e6bcda04b7"}}
{"country_code": {"_id": {"$oid": "61a853fc9abb2b800db796b3"}, "name": "Netherlands", "code": "NL", "capital": "Amsterdam", "province": "Noord-Holland", "area": 37330, "population": 16843181}, "country_province": "Noord-Holland", "population_growth": 0.42, "infant_mortality": 3.66, "_id": {"$oid": "61a86448ff5808e6bcda04b8"}}
{"country_code": {"_id": {"$oid": "61a853fc9abb2b800db7977c"}, "name": "Bonaire", "code": "NLB", "capital": "Kralendijk", "province": "Bonaire", "area": 294, "population": 20104}, "country_province": "Bonaire", "population_growth": "", "infant_mortality": "", "_id": {"$oid": "61a86448ff5808e6bcda04b9"}}
{"country_code": {"_id": {"$oid": "61a853fc9abb2b800db7970b"}, "name": "Northern Mariana Islands", "code": "NMIS", "capital": "Saipan", "province": "Northern Mariana Islands", "area": 477, "population": 53883}, "country_province": "Northern Mariana Islands", "population_growth": 1.13, "infant_mortality": 5.5, "_id": {"$oid": "61a86448ff5808e6bcda04ba"}}
{"country_code": {"_id": {"$oid": "61a853fc9abb2b800db79708"}, "name": "Norfolk Island", "code": "NORF", "capital": "Kingston", "province": "Norfolk Island", "area": 34.6, "population": 1748}, "country_province": "Norfolk Island", "population_growth": "", "infant_mortality": "", "_id": {"$oid": "61a86448ff5808e6bcda04bb"}}
{"country_code": {"_id": {"$oid": "61a853fc9abb2b800db79709"}, "name": "New Zealand", "code": "NZ", "capital": "Wellington", "province": "New Zealand", "area": 268680, "population": 4242048}, "country_province": "New Zealand", "population_growth": 0.83, "infant_mortality": 4.59, "_id": {"$oid": "61a86448ff5808e6bcda04bc"}}
{"country_code": {"_id": {"$oid": "61a853fc9abb2b800db796dc"}, "name": "Oman", "code": "OM", "capital": "Muscat", "province": "Oman", "area": 212460, "population": 4992364}, "country_province": "Oman", "population_growth": 2.06, "infant_mortality": 14, "_id": {"$oid": "61a86448ff5808e6bcda04bd"}}
{"country_code": {"_id": {"$oid": "61a853fc9abb2b800db796c8"}, "name": "Portugal", "code": "P", "capital": "Lisboa", "province": "Lisboa", "area": 92080, "population": 10561614}, "country_province": "Lisboa", "population_growth": 0.12, "infant_mortality": 4.48, "_id": {"$oid": "61a86448ff5808e6bcda04be"}}
{"country_code": {"_id": {"$oid": "61a853fc9abb2b800db79762"}, "name": "Panama", "code": "PA", "capital": "Panam\u00e1 City", "province": "Panam\u00e1", "area": 78200, "population": 3405813}, "country_province": "Panam\u00e1", "population_growth": 1.35, "infant_mortality": 10.7, "_id": {"$oid": "61a86448ff5808e6bcda04bf"}}
{"country_code": {"_id": {"$oid": "61a853fc9abb2b800db7970a"}, "name": "Palau", "code": "PAL", "capital": "Ngerulmud", "province": "Palau", "area": 458, "population": 17501}, "country_province": "Palau", "population_growth": 0.37, "infant_mortality": 11.46, "_id": {"$oid": "61a86448ff5808e6bcda04c0"}}
{"country_code": {"_id": {"$oid": "61a853fc9abb2b800db79785"}, "name": "Peru", "code": "PE", "capital": "Lima", "province": "Lima City", "area": 1285220, "population": 30135875}, "country_province": "Lima City", "population_growth": 0.99, "infant_mortality": 20.21, "_id": {"$oid": "61a86448ff5808e6bcda04c1"}}
{"country_code": {"_id": {"$oid": "61a853fc9abb2b800db7971b"}, "name": "Pitcairn", "code": "PITC", "capital": "Adamstown", "province": "Pitcairn", "area": 47, "population": 50}, "country_province": "Pitcairn", "population_growth": 0, "infant_mortality": "", "_id": {"$oid": "61a86448ff5808e6bcda04c2"}}
{"country_code": {"_id": {"$oid": "61a853fc9abb2b800db796e9"}, "name": "Pakistan", "code": "PK", "capital": "Islamabad", "province": "FCT Islamabad", "area": 803940, "population": 207776954}, "country_province": "FCT Islamabad", "population_growth": 1.49, "infant_mortality": 57.48, "_id": {"$oid": "61a86448ff5808e6bcda04c3"}}
{"country_code": {"_id": {"$oid": "61a853fc9abb2b800db796ae"}, "name": "Poland", "code": "PL", "capital": "Warszawa", "province": "Mazowieckie", "area": 312683, "population": 38533789}, "country_province": "Mazowieckie", "population_growth": -0.11, "infant_mortality": 6.19, "_id": {"$oid": "61a86448ff5808e6bcda04c4"}}
{"country_code": {"_id": {"$oid": "61a853fc9abb2b800db79701"}, "name": "Papua New Guinea", "code": "PNG", "capital": "Port Moresby", "province": "South", "area": 461690, "population": 7275324}, "country_province": "South", "population_growth": 1.84, "infant_mortality": 39.67, "_id": {"$oid": "61a86448ff5808e6bcda04c5"}}
{"country_code": {"_id": {"$oid": "61a853fc9abb2b800db7976a"}, "name": "Puerto Rico", "code": "PR", "capital": "San Juan", "province": "Puerto Rico", "area": 8870, "population": 3725789}, "country_province": "Puerto Rico", "population_growth": -0.65, "infant_mortality": 7.73, "_id": {"$oid": "61a86448ff5808e6bcda04c6"}}
{"country_code": {"_id": {"$oid": "61a853fc9abb2b800db79789"}, "name": "Paraguay", "code": "PY", "capital": "Asunci\u00f3n", "province": "Paraguay", "area": 406750, "population": 6672631}, "country_province": "Paraguay", "population_growth": 1.19, "infant_mortality": 20.75, "_id": {"$oid": "61a86448ff5808e6bcda04c7"}}
{"country_code": {"_id": {"$oid": "61a853fc9abb2b800db796da"}, "name": "Qatar", "code": "Q", "capital": "Doha", "province": "Qatar", "area": 11000, "population": 2404776}, "country_province": "Qatar", "population_growth": 3.58, "infant_mortality": 6.42, "_id": {"$oid": "61a86448ff5808e6bcda04c8"}}
{"country_code": {"_id": {"$oid": "61a853fc9abb2b800db796b0"}, "name": "Russia", "code": "R", "capital": "Moskva", "province": "Moscow", "area": 17075200, "population": 143666931}, "country_province": "Moscow", "population_growth": -0.03, "infant_mortality": 7.08, "_id": {"$oid": "61a86448ff5808e6bcda04c9"}}
{"country_code": {"_id": {"$oid": "61a853fc9abb2b800db79788"}, "name": "Argentina", "code": "RA", "capital": "Buenos Aires", "province": "Distrito Federal", "area": 2766890, "population": 42669500}, "country_province": "Distrito Federal", "population_growth": 0.95, "infant_mortality": 9.96, "_id": {"$oid": "61a86448ff5808e6bcda04ca"}}
{"country_code": {"_id": {"$oid": "61a853fc9abb2b800db7973c"}, "name": "Botswana", "code": "RB", "capital": "Gaborone", "province": "Botswana", "area": 600370, "population": 2038228}, "country_province": "Botswana", "population_growth": 1.26, "infant_mortality": 9.38, "_id": {"$oid": "61a86448ff5808e6bcda04cb"}}
{"country_code": {"_id": {"$oid": "61a853fc9abb2b800db796f1"}, "name": "Taiwan", "code": "RC", "capital": "Taipei", "province": "Taiwan", "area": 36179, "population": 23571227}, "country_province": "Taiwan", "population_growth": 0.25, "infant_mortality": 4.49, "_id": {"$oid": "61a86448ff5808e6bcda04cc"}}
{"country_code": {"_id": {"$oid": "61a853fc9abb2b800db79734"}, "name": "Central African Republic", "code": "RCA", "capital": "Bangui", "province": "Central African Republic", "area": 622980, "population": 4349921}, "country_province": "Central African Republic", "population_growth": 2.13, "infant_mortality": 92.86, "_id": {"$oid": "61a86448ff5808e6bcda04cd"}}
{"country_code": {"_id": {"$oid": "61a853fc9abb2b800db79738"}, "name": "Congo", "code": "RCB", "capital": "Brazzaville", "province": "Brazzaville", "area": 342000, "population": 4001831}, "country_province": "Brazzaville", "population_growth": 1.94, "infant_mortality": 59.34, "_id": {"$oid": "61a86448ff5808e6bcda04ce"}}
{"country_code": {"_id": {"$oid": "61a853fc9abb2b800db79787"}, "name": "Chile", "code": "RCH", "capital": "Santiago", "province": "Santiago", "area": 756950, "population": 16341929}, "country_province": "Santiago", "population_growth": 0.84, "infant_mortality": 7.02, "_id": {"$oid": "61a86448ff5808e6bcda04cf"}}
{"country_code": {"_id": {"$oid": "61a853fc9abb2b800db79754"}, "name": "Reunion", "code": "REUN", "capital": "Saint-Denis", "province": "Reunion", "area": 2510, "population": 828581}, "country_province": "Reunion", "population_growth": 1.93, "infant_mortality": 7.5, "_id": {"$oid": "61a86448ff5808e6bcda04d0"}}
{"country_code": {"_id": {"$oid": "61a853fc9abb2b800db79727"}, "name": "Guinea", "code": "RG", "capital": "Conakry", "province": "Guinea", "area": 245860, "population": 10628972}, "country_province": "Guinea", "population_growth": 2.63, "infant_mortality": 55.24, "_id": {"$oid": "61a86448ff5808e6bcda04d1"}}
{"country_code": {"_id": {"$oid": "61a853fc9abb2b800db79768"}, "name": "Haiti", "code": "RH", "capital": "Port-au-Prince", "province": "Haiti", "area": 27750, "population": 10788000}, "country_province": "Haiti", "population_growth": 1.31, "infant_mortality": 49.43, "_id": {"$oid": "61a86448ff5808e6bcda04d2"}}
{"country_code": {"_id": {"$oid": "61a853fc9abb2b800db796ff"}, "name": "Indonesia", "code": "RI", "capital": "Jakarta", "province": "DKI Jakarta", "area": 1919440, "population": 252124458}, "country_province": "DKI Jakarta", "population_growth": 0.95, "infant_mortality": 25.16, "_id": {"$oid": "61a86448ff5808e6bcda04d3"}}
{"country_code": {"_id": {"$oid": "61a853fc9abb2b800db79723"}, "name": "Mauritania", "code": "RIM", "capital": "Nouakchott", "province": "Nouakchott", "area": 1030700, "population": 3537368}, "country_province": "Nouakchott", "population_growth": 2.26, "infant_mortality": 56.06, "_id": {"$oid": "61a86448ff5808e6bcda04d4"}}
{"country_code": {"_id": {"$oid": "61a853fc9abb2b800db796d2"}, "name": "Lebanon", "code": "RL", "capital": "Bayr\u016bt", "province": "Lebanon", "area": 10400, "population": 4341092}, "country_province": "Lebanon", "population_growth": 9.37, "infant_mortality": 7.98, "_id": {"$oid": "61a86448ff5808e6bcda04d5"}}
{"country_code": {"_id": {"$oid": "61a853fc9abb2b800db79752"}, "name": "Madagascar", "code": "RM", "capital": "Antananarivo", "province": "Madagascar", "area": 587041, "population": 21842167}, "country_province": "Madagascar", "population_growth": 2.62, "infant_mortality": 44.88, "_id": {"$oid": "61a86448ff5808e6bcda04d6"}}
{"country_code": {"_id": {"$oid": "61a853fc9abb2b800db79722"}, "name": "Mali", "code": "RMM", "capital": "Bamako", "province": "Bamako", "area": 1240000, "population": 14528622}, "country_province": "Bamako", "population_growth": 3, "infant_mortality": 104.34, "_id": {"$oid": "61a86448ff5808e6bcda04d7"}}
{"country_code": {"_id": {"$oid": "61a853fc9abb2b800db79730"}, "name": "Niger", "code": "RN", "capital": "Niamey", "province": "Niamey", "area": 1267000, "population": 17138707}, "country_province": "Niamey", "population_growth": 3.28, "infant_mortality": 86.27, "_id": {"$oid": "61a86448ff5808e6bcda04d8"}}
{"country_code": {"_id": {"$oid": "61a853fc9abb2b800db796b8"}, "name": "Romania", "code": "RO", "capital": "Bucure\u015fti", "province": "Bucure\u015fti", "area": 237500, "population": 20121641}, "country_province": "Bucure\u015fti", "population_growth": -0.29, "infant_mortality": 10.16, "_id": {"$oid": "61a86448ff5808e6bcda04d9"}}
{"country_code": {"_id": {"$oid": "61a853fc9abb2b800db796f5"}, "name": "South Korea", "code": "ROK", "capital": "Seoul", "province": "South Korea", "area": 98480, "population": 51269554}, "country_province": "South Korea", "population_growth": 0.16, "infant_mortality": 3.93, "_id": {"$oid": "61a86448ff5808e6bcda04da"}}
{"country_code": {"_id": {"$oid": "61a853fc9abb2b800db7978a"}, "name": "Uruguay", "code": "ROU", "capital": "Montevideo", "province": "Uruguay", "area": 176220, "population": 3286314}, "country_province": "Uruguay", "population_growth": 0.26, "infant_mortality": 8.97, "_id": {"$oid": "61a86448ff5808e6bcda04db"}}
{"country_code": {"_id": {"$oid": "61a853fc9abb2b800db796f7"}, "name": "Philippines", "code": "RP", "capital": "Manila", "province": "Metro Manila", "area": 299764, "population": 100981437}, "country_province": "Metro Manila", "population_growth": 1.81, "infant_mortality": 17.64, "_id": {"$oid": "61a86448ff5808e6bcda04dc"}}
{"country_code": {"_id": {"$oid": "61a853fc9abb2b800db7973d"}, "name": "South Africa", "code": "RSA", "capital": "Tshwane", "province": "Gauteng", "area": 1219912, "population": 51770560}, "country_province": "Gauteng", "population_growth": -0.48, "infant_mortality": 41.61, "_id": {"$oid": "61a86448ff5808e6bcda04dd"}}
{"country_code": {"_id": {"$oid": "61a853fc9abb2b800db796c4"}, "name": "San Marino", "code": "RSM", "capital": "San Marino", "province": "San Marino", "area": 60, "population": 32440}, "country_province": "San Marino", "population_growth": 0.87, "infant_mortality": 4.52, "_id": {"$oid": "61a86448ff5808e6bcda04de"}}
{"country_code": {"_id": {"$oid": "61a853fc9abb2b800db7972d"}, "name": "Togo", "code": "RT", "capital": "Lom\u00e9", "province": "Togo", "area": 56790, "population": 6191155}, "country_province": "Togo", "population_growth": 2.71, "infant_mortality": 46.73, "_id": {"$oid": "61a86448ff5808e6bcda04df"}}
{"country_code": {"_id": {"$oid": "61a853fc9abb2b800db79746"}, "name": "Rwanda", "code": "RWA", "capital": "Kigali", "province": "Rwanda", "area": 26340, "population": 10515973}, "country_province": "Rwanda", "population_growth": 2.63, "infant_mortality": 59.59, "_id": {"$oid": "61a86448ff5808e6bcda04e0"}}
{"country_code": {"_id": {"$oid": "61a853fc9abb2b800db796bf"}, "name": "Sweden", "code": "S", "capital": "Stockholm", "province": "Stockholm", "area": 449964, "population": 9555893}, "country_province": "Stockholm", "population_growth": 0.79, "infant_mortality": 2.6, "_id": {"$oid": "61a86448ff5808e6bcda04e1"}}
{"country_code": {"_id": {"$oid": "61a853fc9abb2b800db796d8"}, "name": "Saudi Arabia", "code": "SA", "capital": "Riyadh", "province": "Al-Riyadh", "area": 1960582, "population": 27136977}, "country_province": "Al-Riyadh", "population_growth": 1.49, "infant_mortality": 14.58, "_id": {"$oid": "61a86448ff5808e6bcda04e2"}}
{"country_code": {"_id": {"$oid": "61a853fc9abb2b800db79770"}, "name": "Saint Barthelemy", "code": "SBAR", "capital": "Gustavia", "province": "Saint Barthelemy", "area": 21, "population": 9131}, "country_province": "Saint Barthelemy", "population_growth": "", "infant_mortality": "", "_id": {"$oid": "61a86448ff5808e6bcda04e3"}}
{"country_code": {"_id": {"$oid": "61a853fc9abb2b800db7973f"}, "name": "Eswatini", "code": "SD", "capital": "Mbabane", "province": "Eswatini", "area": 17360, "population": 1193148}, "country_province": "Eswatini", "population_growth": 1.14, "infant_mortality": 54.82, "_id": {"$oid": "61a86448ff5808e6bcda04e4"}}
{"country_code": {"_id": {"$oid": "61a853fc9abb2b800db796bd"}, "name": "Finland", "code": "SF", "capital": "Helsinki", "province": "Uusimaa", "area": 337030, "population": 5513130}, "country_province": "Uusimaa", "population_growth": 0.05, "infant_mortality": 3.36, "_id": {"$oid": "61a86448ff5808e6bcda04e5"}}
{"country_code": {"_id": {"$oid": "61a853fc9abb2b800db796fe"}, "name": "Singapore", "code": "SGP", "capital": "Singapore", "province": "Singapore", "area": 632.6, "population": 5076700}, "country_province": "Singapore", "population_growth": 1.92, "infant_mortality": 2.53, "_id": {"$oid": "61a86448ff5808e6bcda04e6"}}
{"country_code": {"_id": {"$oid": "61a853fc9abb2b800db796a3"}, "name": "Slovakia", "code": "SK", "capital": "Bratislava", "province": "Bratislavsk\u00fd", "area": 48845, "population": 5397036}, "country_province": "Bratislavsk\u00fd", "population_growth": 0.03, "infant_mortality": 5.35, "_id": {"$oid": "61a86448ff5808e6bcda04e7"}}
{"country_code": {"_id": {"$oid": "61a853fc9abb2b800db79728"}, "name": "Sierra Leone", "code": "SLE", "capital": "Freetown", "province": "Sierra Leone", "area": 71740, "population": 5743725}, "country_province": "Sierra Leone", "population_growth": 2.33, "infant_mortality": 73.29, "_id": {"$oid": "61a86448ff5808e6bcda04e8"}}
{"country_code": {"_id": {"$oid": "61a853fc9abb2b800db796b4"}, "name": "Slovenia", "code": "SLO", "capital": "Ljubljana", "province": "Slovenia", "area": 20256, "population": 2058821}, "country_province": "Slovenia", "population_growth": -0.23, "infant_mortality": 4.04, "_id": {"$oid": "61a86448ff5808e6bcda04e9"}}
{"country_code": {"_id": {"$oid": "61a853fc9abb2b800db7976e"}, "name": "Saint Martin", "code": "SMAR", "capital": "Marigot", "province": "Saint Martin", "area": 54, "population": 36286}, "country_province": "Saint Martin", "population_growth": "", "infant_mortality": "", "_id": {"$oid": "61a86448ff5808e6bcda04ea"}}
{"country_code": {"_id": {"$oid": "61a853fc9abb2b800db79781"}, "name": "Suriname", "code": "SME", "capital": "Paramaribo", "province": "Suriname", "area": 163270, "population": 541638}, "country_province": "Suriname", "population_growth": 1.12, "infant_mortality": 27.07, "_id": {"$oid": "61a86448ff5808e6bcda04eb"}}
{"country_code": {"_id": {"$oid": "61a853fc9abb2b800db79724"}, "name": "Senegal", "code": "SN", "capital": "Dakar", "province": "Dakar", "area": 196190, "population": 13508715}, "country_province": "Dakar", "population_growth": 2.48, "infant_mortality": 52.72, "_id": {"$oid": "61a86448ff5808e6bcda04ec"}}
{"country_code": {"_id": {"$oid": "61a853fc9abb2b800db79749"}, "name": "Somalia", "code": "SO", "capital": "Mogadishu", "province": "Somalia", "area": 637660, "population": 11000000}, "country_province": "Somalia", "population_growth": 1.75, "infant_mortality": 100.14, "_id": {"$oid": "61a86448ff5808e6bcda04ed"}}
{"country_code": {"_id": {"$oid": "61a853fc9abb2b800db79702"}, "name": "Solomon Islands", "code": "SOL", "capital": "Honiara", "province": "Solomon Islands", "area": 28450, "population": 515870}, "country_province": "Solomon Islands", "population_growth": 2.07, "infant_mortality": 16.17, "_id": {"$oid": "61a86448ff5808e6bcda04ee"}}
{"country_code": {"_id": {"$oid": "61a853fc9abb2b800db79757"}, "name": "Saint Pierre and Miquelon", "code": "SPMI", "capital": "Saint-Pierre", "province": "Saint Pierre and Miquelon", "area": 242, "population": 6008}, "country_province": "Saint Pierre and Miquelon", "population_growth": -1.02, "infant_mortality": 6.95, "_id": {"$oid": "61a86448ff5808e6bcda04ef"}}
{"country_code": {"_id": {"$oid": "61a853fc9abb2b800db7969c"}, "name": "Serbia", "code": "SRB", "capital": "Beograd", "province": "Serbia", "area": 77474, "population": 7120666}, "country_province": "Serbia", "population_growth": -0.46, "infant_mortality": 6.16, "_id": {"$oid": "61a86448ff5808e6bcda04f0"}}
{"country_code": {"_id": {"$oid": "61a853fc9abb2b800db79733"}, "name": "South Sudan", "code": "SSD", "capital": "Juba", "province": "South Sudan", "area": 644329, "population": 8260490}, "country_province": "South Sudan", "population_growth": 4.12, "infant_mortality": 68.16, "_id": {"$oid": "61a86448ff5808e6bcda04f1"}}
{"country_code": {"_id": {"$oid": "61a853fc9abb2b800db7974e"}, "name": "Sao Tome and Principe", "code": "STP", "capital": "S\u00e3o Tom\u00e9", "province": "Sao Tome and Principe", "area": 1001, "population": 187356}, "country_province": "Sao Tome and Principe", "population_growth": 1.89, "infant_mortality": 49.16, "_id": {"$oid": "61a86448ff5808e6bcda04f2"}}
{"country_code": {"_id": {"$oid": "61a853fc9abb2b800db79732"}, "name": "Sudan", "code": "SUD", "capital": "Khartoum", "province": "Al-Khar\u1e6d\u016bm", "area": 1840687, "population": 40782700}, "country_province": "Al-Khar\u1e6d\u016bm", "population_growth": 1.78, "infant_mortality": 52.86, "_id": {"$oid": "61a86448ff5808e6bcda04f3"}}
{"country_code": {"_id": {"$oid": "61a853fc9abb2b800db796c9"}, "name": "Svalbard", "code": "SVA", "capital": "Longyearbyen", "province": "Svalbard", "area": 62049, "population": 2667}, "country_province": "Svalbard", "population_growth": -0.03, "infant_mortality": "", "_id": {"$oid": "61a86448ff5808e6bcda04f4"}}
{"country_code": {"_id": {"$oid": "61a853fc9abb2b800db7976f"}, "name": "Sint Maarten", "code": "SX", "capital": "Philipsburg", "province": "Sint Maarten", "area": 34, "population": 40535}, "country_province": "Sint Maarten", "population_growth": 1.51, "infant_mortality": 9.05, "_id": {"$oid": "61a86448ff5808e6bcda04f5"}}
{"country_code": {"_id": {"$oid": "61a853fc9abb2b800db7974f"}, "name": "Seychelles", "code": "SY", "capital": "Victoria", "province": "Seychelles", "area": 455, "population": 90945}, "country_province": "Seychelles", "population_growth": 0.4, "infant_mortality": 10.77, "_id": {"$oid": "61a86448ff5808e6bcda04f6"}}
{"country_code": {"_id": {"$oid": "61a853fc9abb2b800db796d6"}, "name": "Syria", "code": "SYR", "capital": "Dimashq", "province": "Dimashq", "area": 185180, "population": 17070135}, "country_province": "Dimashq", "population_growth": -9.73, "infant_mortality": 15.79, "_id": {"$oid": "61a86448ff5808e6bcda04f7"}}
{"country_code": {"_id": {"$oid": "61a853fc9abb2b800db79731"}, "name": "Chad", "code": "TCH", "capital": "N''Djamena", "province": "Chad", "area": 1284000, "population": 11720781}, "country_province": "Chad", "population_growth": 1.92, "infant_mortality": 90.3, "_id": {"$oid": "61a86448ff5808e6bcda04f8"}}
{"country_code": {"_id": {"$oid": "61a853fc9abb2b800db796fb"}, "name": "Thailand", "code": "THA", "capital": "Bangkok", "province": "Thailand", "area": 514000, "population": 65981659}, "country_province": "Thailand", "population_growth": 0.35, "infant_mortality": 9.86, "_id": {"$oid": "61a86448ff5808e6bcda04f9"}}
{"country_code": {"_id": {"$oid": "61a853fc9abb2b800db796e4"}, "name": "Tajikistan", "code": "TJ", "capital": "Dushanbe", "province": "Dushanbe", "area": 143100, "population": 8161100}, "country_province": "Dushanbe", "population_growth": 1.75, "infant_mortality": 35.03, "_id": {"$oid": "61a86448ff5808e6bcda04fa"}}
{"country_code": {"_id": {"$oid": "61a853fc9abb2b800db79700"}, "name": "Timor-Leste", "code": "TL", "capital": "Dili", "province": "Timor-Leste", "area": 15007, "population": 1066582}, "country_province": "Timor-Leste", "population_growth": 2.44, "infant_mortality": 38.79, "_id": {"$oid": "61a86448ff5808e6bcda04fb"}}
{"country_code": {"_id": {"$oid": "61a853fc9abb2b800db796e2"}, "name": "Turkmenistan", "code": "TM", "capital": "Ashgabat", "province": "Ashgabat", "area": 488100, "population": 6550000}, "country_province": "Ashgabat", "population_growth": 1.14, "infant_mortality": 38.13, "_id": {"$oid": "61a86448ff5808e6bcda04fc"}}
{"country_code": {"_id": {"$oid": "61a853fc9abb2b800db7971e"}, "name": "Tunisia", "code": "TN", "capital": "Tunis", "province": "Tunisia", "area": 163610, "population": 10982754}, "country_province": "Tunisia", "population_growth": 0.92, "infant_mortality": 23.19, "_id": {"$oid": "61a86448ff5808e6bcda04fd"}}
{"country_code": {"_id": {"$oid": "61a853fc9abb2b800db79717"}, "name": "Tonga", "code": "TO", "capital": "Nukualofa", "province": "Tonga", "area": 748, "population": 100651}, "country_province": "Tonga", "population_growth": 0.09, "infant_mortality": 12.36, "_id": {"$oid": "61a86448ff5808e6bcda04fe"}}
{"country_code": {"_id": {"$oid": "61a853fc9abb2b800db79712"}, "name": "Tokelau", "code": "TOK", "capital": "Fakaofo", "province": "Tokelau", "area": 12, "population": 1499}, "country_province": "Tokelau", "population_growth": -0.01, "infant_mortality": "", "_id": {"$oid": "61a86448ff5808e6bcda04ff"}}
{"country_code": {"_id": {"$oid": "61a853fc9abb2b800db796d1"}, "name": "Turkey", "code": "TR", "capital": "Ankara", "province": "Ankara", "area": 780580, "population": 75627384}, "country_province": "Ankara", "population_growth": 1.12, "infant_mortality": 21.43, "_id": {"$oid": "61a86448ff5808e6bcda0500"}}
{"country_code": {"_id": {"$oid": "61a853fc9abb2b800db7977b"}, "name": "Trinidad and Tobago", "code": "TT", "capital": "Port-of-Spain", "province": "Trinidad and Tobago", "area": 5130, "population": 1328019}, "country_province": "Trinidad and Tobago", "population_growth": -0.11, "infant_mortality": 24.82, "_id": {"$oid": "61a86448ff5808e6bcda0501"}}
{"country_code": {"_id": {"$oid": "61a853fc9abb2b800db79764"}, "name": "Turks and Caicos Islands", "code": "TUCA", "capital": "Grand Turk", "province": "Turks and Caicos Islands", "area": 430, "population": 53700}, "country_province": "Turks and Caicos Islands", "population_growth": 2.58, "infant_mortality": 10.97, "_id": {"$oid": "61a86448ff5808e6bcda0502"}}
{"country_code": {"_id": {"$oid": "61a853fc9abb2b800db79711"}, "name": "Tuvalu", "code": "TUV", "capital": "Funafuti", "province": "Tuvalu", "area": 26, "population": 11192}, "country_province": "Tuvalu", "population_growth": 0.8, "infant_mortality": 31.69, "_id": {"$oid": "61a86448ff5808e6bcda0503"}}
{"country_code": {"_id": {"$oid": "61a853fc9abb2b800db796af"}, "name": "Ukraine", "code": "UA", "capital": "Ky\u00efv", "province": "Ky\u00efv", "area": 603700, "population": 45633637}, "country_province": "Ky\u00efv", "population_growth": -0.64, "infant_mortality": 8.1, "_id": {"$oid": "61a86448ff5808e6bcda0504"}}
{"country_code": {"_id": {"$oid": "61a853fc9abb2b800db796db"}, "name": "United Arab Emirates", "code": "UAE", "capital": "Abu Dhabi", "province": "United Arab Emirates", "area": 75581, "population": 9121167}, "country_province": "United Arab Emirates", "population_growth": 2.71, "infant_mortality": 10.92, "_id": {"$oid": "61a86448ff5808e6bcda0505"}}
{"country_code": {"_id": {"$oid": "61a853fc9abb2b800db7975a"}, "name": "United States", "code": "USA", "capital": "Washington", "province": "District of Columbia", "area": 9372610, "population": 318857056}, "country_province": "District of Columbia", "population_growth": 0.77, "infant_mortality": 6.17, "_id": {"$oid": "61a86448ff5808e6bcda0506"}}
{"country_code": {"_id": {"$oid": "61a853fc9abb2b800db796e3"}, "name": "Uzbekistan", "code": "UZ", "capital": "Toshkent", "province": "Toshkent City", "area": 447400, "population": 32120500}, "country_province": "Toshkent City", "population_growth": 0.93, "infant_mortality": 19.84, "_id": {"$oid": "61a86448ff5808e6bcda0507"}}
{"country_code": {"_id": {"$oid": "61a853fc9abb2b800db796c1"}, "name": "Vatican City", "code": "V", "capital": "Vatican City", "province": "Vatican City", "area": 0.44, "population": 826}, "country_province": "Vatican City", "population_growth": "", "infant_mortality": "", "_id": {"$oid": "61a86448ff5808e6bcda0508"}}
{"country_code": {"_id": {"$oid": "61a853fc9abb2b800db7976b"}, "name": "Virgin Islands", "code": "VIRG", "capital": "Charlotte Amalie", "province": "Virgin Islands", "area": 346, "population": 106405}, "country_province": "Virgin Islands", "population_growth": -0.56, "infant_mortality": 6.79, "_id": {"$oid": "61a86448ff5808e6bcda0509"}}
{"country_code": {"_id": {"$oid": "61a853fc9abb2b800db796f8"}, "name": "Vietnam", "code": "VN", "capital": "Hanoi", "province": "Red River Delta", "area": 329560, "population": 88772900}, "country_province": "Red River Delta", "population_growth": 1, "infant_mortality": 18.99, "_id": {"$oid": "61a86448ff5808e6bcda050a"}}
{"country_code": {"_id": {"$oid": "61a853fc9abb2b800db79703"}, "name": "Vanuatu", "code": "VU", "capital": "Port Vila", "province": "Vanuatu", "area": 14760, "population": 236299}, "country_province": "Vanuatu", "population_growth": 2.01, "infant_mortality": 16.41, "_id": {"$oid": "61a86448ff5808e6bcda050b"}}
{"country_code": {"_id": {"$oid": "61a853fc9abb2b800db79725"}, "name": "Gambia", "code": "WAG", "capital": "Banjul", "province": "Gambia", "area": 11300, "population": 1882450}, "country_province": "Gambia", "population_growth": 2.23, "infant_mortality": 65.74, "_id": {"$oid": "61a86448ff5808e6bcda050c"}}
{"country_code": {"_id": {"$oid": "61a853fc9abb2b800db796d3"}, "name": "West Bank", "code": "WB", "capital": "Ramallah", "province": "West Bank", "area": 5655, "population": 2881687}, "country_province": "West Bank", "population_growth": 4.99, "infant_mortality": 28.6, "_id": {"$oid": "61a86448ff5808e6bcda050d"}}
{"country_code": {"_id": {"$oid": "61a853fc9abb2b800db79775"}, "name": "Dominica", "code": "WD", "capital": "Roseau", "province": "Dominica", "area": 746, "population": 70739}, "country_province": "Dominica", "population_growth": 0.22, "infant_mortality": 11.61, "_id": {"$oid": "61a86448ff5808e6bcda050e"}}
{"country_code": {"_id": {"$oid": "61a853fc9abb2b800db79715"}, "name": "Wallis and Futuna", "code": "WF", "capital": "Mata-Utu", "province": "Wallis and Futuna", "area": 274, "population": 11558}, "country_province": "Wallis and Futuna", "population_growth": 0.33, "infant_mortality": 4.49, "_id": {"$oid": "61a86448ff5808e6bcda050f"}}
{"country_code": {"_id": {"$oid": "61a853fc9abb2b800db7977a"}, "name": "Grenada", "code": "WG", "capital": "Saint George''s", "province": "Grenada", "area": 344, "population": 103328}, "country_province": "Grenada", "population_growth": 0.5, "infant_mortality": 10.5, "_id": {"$oid": "61a86448ff5808e6bcda0510"}}
{"country_code": {"_id": {"$oid": "61a853fc9abb2b800db79777"}, "name": "Saint Lucia", "code": "WL", "capital": "Castries", "province": "Saint Lucia", "area": 620, "population": 165595}, "country_province": "Saint Lucia", "population_growth": 0.35, "infant_mortality": 11.75, "_id": {"$oid": "61a86448ff5808e6bcda0511"}}
{"country_code": {"_id": {"$oid": "61a853fc9abb2b800db79713"}, "name": "Samoa", "code": "WS", "capital": "Apia", "province": "Samoa", "area": 2860, "population": 194320}, "country_province": "Samoa", "population_growth": 0.59, "infant_mortality": 20.5, "_id": {"$oid": "61a86448ff5808e6bcda0512"}}
{"country_code": {"_id": {"$oid": "61a853fc9abb2b800db79721"}, "name": "Western Sahara", "code": "WSA", "capital": "El Aaiun", "province": "Western Sahara", "area": 266000, "population": 554795}, "country_province": "Western Sahara", "population_growth": 2.46, "infant_mortality": 145.82, "_id": {"$oid": "61a86448ff5808e6bcda0513"}}
{"country_code": {"_id": {"$oid": "61a853fc9abb2b800db79779"}, "name": "Saint Vincent and the Grenadines", "code": "WV", "capital": "Kingstown", "province": "Saint Vincent and the Grenadines", "area": 389, "population": 109991}, "country_province": "Saint Vincent and the Grenadines", "population_growth": -0.29, "infant_mortality": 13.07, "_id": {"$oid": "61a86448ff5808e6bcda0514"}}
{"country_code": {"_id": {"$oid": "61a853fc9abb2b800db79706"}, "name": "Christmas Island", "code": "XMAS", "capital": "Flying Fish Cove", "province": "Christmas Island", "area": 135, "population": 1843}, "country_province": "Christmas Island", "population_growth": "", "infant_mortality": "", "_id": {"$oid": "61a86448ff5808e6bcda0515"}}
{"country_code": {"_id": {"$oid": "61a853fc9abb2b800db796dd"}, "name": "Yemen", "code": "YE", "capital": "Sanaa", "province": "Yemen", "area": 527970, "population": 24527000}, "country_province": "Yemen", "population_growth": 2.72, "infant_mortality": 50.41, "_id": {"$oid": "61a86448ff5808e6bcda0516"}}
{"country_code": {"_id": {"$oid": "61a853fc9abb2b800db7977f"}, "name": "Venezuela", "code": "YV", "capital": "Caracas", "province": "Distrito Federal", "area": 912050, "population": 28946101}, "country_province": "Distrito Federal", "population_growth": 1.42, "infant_mortality": 19.33, "_id": {"$oid": "61a86448ff5808e6bcda0517"}}
{"country_code": {"_id": {"$oid": "61a853fc9abb2b800db79742"}, "name": "Zambia", "code": "Z", "capital": "Lusaka", "province": "Lusaka", "area": 752610, "population": 13092666}, "country_province": "Lusaka", "population_growth": 2.88, "infant_mortality": 66.62, "_id": {"$oid": "61a86448ff5808e6bcda0518"}}
{"country_code": {"_id": {"$oid": "61a853fc9abb2b800db79741"}, "name": "Zimbabwe", "code": "ZW", "capital": "Harare", "province": "Zimbabwe", "area": 390580, "population": 13061239}, "country_province": "Zimbabwe", "population_growth": 4.36, "infant_mortality": 26.55, "_id": {"$oid": "61a86448ff5808e6bcda0519"}}
