{"province": {"_id": {"$oid": "61a8563fc8396dfd609fee76"}, "name": "Euskadi", "country": {"_id": {"$oid": "61a853fc9abb2b800db796a1"}, "name": "Spain", "code": "E", "capital": "Madrid", "province": "Madrid", "area": 504750, "population": 46815916}, "population": 2185393, "area": 7237, "capital": "Vitoria-Gasteiz", "capprov": "Euskadi"}, "country": {"_id": {"$oid": "61a853fc9abb2b800db796a1"}, "name": "Spain", "code": "E", "capital": "Madrid", "province": "Madrid", "area": 504750, "population": 46815916}, "othername": "Pa\u00eds Vasco", "_id": {"$oid": "61a85739e4eb8ed840b2fb3d"}}
{"province": {"_id": {"$oid": "61a8563fc8396dfd609fee7b"}, "name": "Catalunya", "country": {"_id": {"$oid": "61a853fc9abb2b800db796a1"}, "name": "Spain", "code": "E", "capital": "Madrid", "province": "Madrid", "area": 504750, "population": 46815916}, "population": 7519843, "area": 32163, "capital": "Barcelona", "capprov": "Catalunya"}, "country": {"_id": {"$oid": "61a853fc9abb2b800db796a1"}, "name": "Spain", "code": "E", "capital": "Madrid", "province": "Madrid", "area": 504750, "population": 46815916}, "othername": "Catalu\u00f1a", "_id": {"$oid": "61a85739e4eb8ed840b2fb3e"}}
{"province": {"_id": {"$oid": "61a8563fc8396dfd609fee7b"}, "name": "Catalunya", "country": {"_id": {"$oid": "61a853fc9abb2b800db796a1"}, "name": "Spain", "code": "E", "capital": "Madrid", "province": "Madrid", "area": 504750, "population": 46815916}, "population": 7519843, "area": 32163, "capital": "Barcelona", "capprov": "Catalunya"}, "country": {"_id": {"$oid": "61a853fc9abb2b800db796a1"}, "name": "Spain", "code": "E", "capital": "Madrid", "province": "Madrid", "area": 504750, "population": 46815916}, "othername": "Catalonia", "_id": {"$oid": "61a85739e4eb8ed840b2fb3f"}}
{"province": {"_id": {"$oid": "61a8563fc8396dfd609feed7"}, "name": "Fribourg", "country": {"_id": {"$oid": "61a853fc9abb2b800db796a7"}, "name": "Switzerland", "code": "CH", "capital": "Bern", "province": "Bern", "area": 41290, "population": 8139631}, "population": 297622, "area": 1670, "capital": "Fribourg", "capprov": "Fribourg"}, "country": {"_id": {"$oid": "61a853fc9abb2b800db796a7"}, "name": "Switzerland", "code": "CH", "capital": "Bern", "province": "Bern", "area": 41290, "population": 8139631}, "othername": "Freiburg", "_id": {"$oid": "61a85739e4eb8ed840b2fb40"}}
{"province": {"_id": {"$oid": "61a8563fc8396dfd609feed8"}, "name": "Gen\u00e8ve", "country": {"_id": {"$oid": "61a853fc9abb2b800db796a7"}, "name": "Switzerland", "code": "CH", "capital": "Bern", "province": "Bern", "area": 41290, "population": 8139631}, "population": 469433, "area": 282, "capital": "Gen\u00e8ve", "capprov": "Gen\u00e8ve"}, "country": {"_id": {"$oid": "61a853fc9abb2b800db796a7"}, "name": "Switzerland", "code": "CH", "capital": "Bern", "province": "Bern", "area": 41290, "population": 8139631}, "othername": "Genf", "_id": {"$oid": "61a85739e4eb8ed840b2fb41"}}
{"province": {"_id": {"$oid": "61a8563fc8396dfd609feedd"}, "name": "Neuch\u00e2tel", "country": {"_id": {"$oid": "61a853fc9abb2b800db796a7"}, "name": "Switzerland", "code": "CH", "capital": "Bern", "province": "Bern", "area": 41290, "population": 8139631}, "population": 176402, "area": 803, "capital": "Neuchatel", "capprov": "Neuch\u00e2tel"}, "country": {"_id": {"$oid": "61a853fc9abb2b800db796a7"}, "name": "Switzerland", "code": "CH", "capital": "Bern", "province": "Bern", "area": 41290, "population": 8139631}, "othername": "Neuenburg", "_id": {"$oid": "61a85739e4eb8ed840b2fb42"}}
{"province": {"_id": {"$oid": "61a8563fc8396dfd609feee5"}, "name": "Ticino", "country": {"_id": {"$oid": "61a853fc9abb2b800db796a7"}, "name": "Switzerland", "code": "CH", "capital": "Bern", "province": "Bern", "area": 41290, "population": 8139631}, "population": 346539, "area": 2812, "capital": "Bellinzona", "capprov": "Ticino"}, "country": {"_id": {"$oid": "61a853fc9abb2b800db796a7"}, "name": "Switzerland", "code": "CH", "capital": "Bern", "province": "Bern", "area": 41290, "population": 8139631}, "othername": "Tessin", "_id": {"$oid": "61a85739e4eb8ed840b2fb43"}}
{"province": {"_id": {"$oid": "61a8563fc8396dfd609feee7"}, "name": "Valais", "country": {"_id": {"$oid": "61a853fc9abb2b800db796a7"}, "name": "Switzerland", "code": "CH", "capital": "Bern", "province": "Bern", "area": 41290, "population": 8139631}, "population": 327011, "area": 5224, "capital": "Sion", "capprov": "Valais"}, "country": {"_id": {"$oid": "61a853fc9abb2b800db796a7"}, "name": "Switzerland", "code": "CH", "capital": "Bern", "province": "Bern", "area": 41290, "population": 8139631}, "othername": "Wallis", "_id": {"$oid": "61a85739e4eb8ed840b2fb44"}}
{"province": {"_id": {"$oid": "61a8563fc8396dfd609feee8"}, "name": "Vaud", "country": {"_id": {"$oid": "61a853fc9abb2b800db796a7"}, "name": "Switzerland", "code": "CH", "capital": "Bern", "province": "Bern", "area": 41290, "population": 8139631}, "population": 749373, "area": 3212, "capital": "Lausanne", "capprov": "Vaud"}, "country": {"_id": {"$oid": "61a853fc9abb2b800db796a7"}, "name": "Switzerland", "code": "CH", "capital": "Bern", "province": "Bern", "area": 41290, "population": 8139631}, "othername": "Waadt", "_id": {"$oid": "61a85739e4eb8ed840b2fb45"}}
{"province": {"_id": {"$oid": "61a8563fc8396dfd609fef30"}, "name": "Sankt-Peterburg", "country": {"_id": {"$oid": "61a853fc9abb2b800db796b0"}, "name": "Russia", "code": "R", "capital": "Moskva", "province": "Moscow", "area": 17075200, "population": 143666931}, "population": 5131942, "area": 1431, "capital": "Sankt Peterburg", "capprov": "Sankt-Peterburg"}, "country": {"_id": {"$oid": "61a853fc9abb2b800db796b0"}, "name": "Russia", "code": "R", "capital": "Moskva", "province": "Moscow", "area": 17075200, "population": 143666931}, "othername": "St. Peterburg", "_id": {"$oid": "61a85739e4eb8ed840b2fb46"}}
{"province": {"_id": {"$oid": "61a8563fc8396dfd609fef30"}, "name": "Sankt-Peterburg", "country": {"_id": {"$oid": "61a853fc9abb2b800db796b0"}, "name": "Russia", "code": "R", "capital": "Moskva", "province": "Moscow", "area": 17075200, "population": 143666931}, "population": 5131942, "area": 1431, "capital": "Sankt Peterburg", "capprov": "Sankt-Peterburg"}, "country": {"_id": {"$oid": "61a853fc9abb2b800db796b0"}, "name": "Russia", "code": "R", "capital": "Moskva", "province": "Moscow", "area": 17075200, "population": 143666931}, "othername": "Sankt Petersburg", "_id": {"$oid": "61a85739e4eb8ed840b2fb47"}}
{"province": {"_id": {"$oid": "61a8563fc8396dfd609fef30"}, "name": "Sankt-Peterburg", "country": {"_id": {"$oid": "61a853fc9abb2b800db796b0"}, "name": "Russia", "code": "R", "capital": "Moskva", "province": "Moscow", "area": 17075200, "population": 143666931}, "population": 5131942, "area": 1431, "capital": "Sankt Peterburg", "capprov": "Sankt-Peterburg"}, "country": {"_id": {"$oid": "61a853fc9abb2b800db796b0"}, "name": "Russia", "code": "R", "capital": "Moskva", "province": "Moscow", "area": 17075200, "population": 143666931}, "othername": "Saint Petersburg", "_id": {"$oid": "61a85739e4eb8ed840b2fb48"}}
{"province": {"_id": {"$oid": "61a8563fc8396dfd609fef45"}, "name": "Nizhnii Novgorodskaya", "country": {"_id": {"$oid": "61a853fc9abb2b800db796b0"}, "name": "Russia", "code": "R", "capital": "Moskva", "province": "Moscow", "area": 17075200, "population": 143666931}, "population": 3281496, "area": 74800, "capital": "Nizhnii Novgorod", "capprov": "Nizhnii Novgorodskaya"}, "country": {"_id": {"$oid": "61a853fc9abb2b800db796b0"}, "name": "Russia", "code": "R", "capital": "Moskva", "province": "Moscow", "area": 17075200, "population": 143666931}, "othername": "Nizhny Novgorodskaya", "_id": {"$oid": "61a85739e4eb8ed840b2fb49"}}
{"province": {"_id": {"$oid": "61a8563fc8396dfd609fef4f"}, "name": "Penzenskaya", "country": {"_id": {"$oid": "61a853fc9abb2b800db796b0"}, "name": "Russia", "code": "R", "capital": "Moskva", "province": "Moscow", "area": 17075200, "population": 143666931}, "population": 1360587, "area": 43200, "capital": "Penza", "capprov": "Penzenskaya"}, "country": {"_id": {"$oid": "61a853fc9abb2b800db796b0"}, "name": "Russia", "code": "R", "capital": "Moskva", "province": "Moscow", "area": 17075200, "population": 143666931}, "othername": "Penza", "_id": {"$oid": "61a85739e4eb8ed840b2fb4a"}}
{"province": {"_id": {"$oid": "61a8563fc8396dfd609fef50"}, "name": "Samarskaya", "country": {"_id": {"$oid": "61a853fc9abb2b800db796b0"}, "name": "Russia", "code": "R", "capital": "Moskva", "province": "Moscow", "area": 17075200, "population": 143666931}, "population": 3211187, "area": 53600, "capital": "Samara", "capprov": "Samarskaya"}, "country": {"_id": {"$oid": "61a853fc9abb2b800db796b0"}, "name": "Russia", "code": "R", "capital": "Moskva", "province": "Moscow", "area": 17075200, "population": 143666931}, "othername": "Samara", "_id": {"$oid": "61a85739e4eb8ed840b2fb4b"}}
{"province": {"_id": {"$oid": "61a8563fc8396dfd609fef51"}, "name": "Saratovskaya", "country": {"_id": {"$oid": "61a853fc9abb2b800db796b0"}, "name": "Russia", "code": "R", "capital": "Moskva", "province": "Moscow", "area": 17075200, "population": 143666931}, "population": 2496552, "area": 100200, "capital": "Saratov", "capprov": "Saratovskaya"}, "country": {"_id": {"$oid": "61a853fc9abb2b800db796b0"}, "name": "Russia", "code": "R", "capital": "Moskva", "province": "Moscow", "area": 17075200, "population": 143666931}, "othername": "Saratov", "_id": {"$oid": "61a85739e4eb8ed840b2fb4c"}}
{"province": {"_id": {"$oid": "61a8563fc8396dfd609fef57"}, "name": "Permskij", "country": {"_id": {"$oid": "61a853fc9abb2b800db796b0"}, "name": "Russia", "code": "R", "capital": "Moskva", "province": "Moscow", "area": 17075200, "population": 143666931}, "population": 2636154, "area": 160600, "capital": "Perm", "capprov": "Permskij"}, "country": {"_id": {"$oid": "61a853fc9abb2b800db796b0"}, "name": "Russia", "code": "R", "capital": "Moskva", "province": "Moscow", "area": 17075200, "population": 143666931}, "othername": "Permskiy", "_id": {"$oid": "61a85739e4eb8ed840b2fb4d"}}
{"province": {"_id": {"$oid": "61a8563fc8396dfd609fef71"}, "name": "Sakha", "country": {"_id": {"$oid": "61a853fc9abb2b800db796b0"}, "name": "Russia", "code": "R", "capital": "Moskva", "province": "Moscow", "area": 17075200, "population": 143666931}, "population": 954803, "area": 3083523, "capital": "Yakutsk", "capprov": "Sakha"}, "country": {"_id": {"$oid": "61a853fc9abb2b800db796b0"}, "name": "Russia", "code": "R", "capital": "Moskva", "province": "Moscow", "area": 17075200, "population": 143666931}, "othername": "Jakutiya", "_id": {"$oid": "61a85739e4eb8ed840b2fb4e"}}
{"province": {"_id": {"$oid": "61a8563fc8396dfd609fef80"}, "name": "Li\u00e8ge", "country": {"_id": {"$oid": "61a853fc9abb2b800db796b1"}, "name": "Belgium", "code": "B", "capital": "Bruxelles", "province": "Bruxelles", "area": 30510, "population": 11099554}, "population": 1087729, "area": 3862, "capital": "Li\u00e8ge", "capprov": "Li\u00e8ge"}, "country": {"_id": {"$oid": "61a853fc9abb2b800db796b1"}, "name": "Belgium", "code": "B", "capital": "Bruxelles", "province": "Bruxelles", "area": 30510, "population": 11099554}, "othername": "Luik", "_id": {"$oid": "61a85739e4eb8ed840b2fb4f"}}
{"province": {"_id": {"$oid": "61a8563fc8396dfd609ff01c"}, "name": "Santarem", "country": {"_id": {"$oid": "61a853fc9abb2b800db796c8"}, "name": "Portugal", "code": "P", "capital": "Lisboa", "province": "Lisboa", "area": 92080, "population": 10561614}, "population": 442700, "area": 6747, "capital": "Santarem", "capprov": "Santarem"}, "country": {"_id": {"$oid": "61a853fc9abb2b800db796c8"}, "name": "Portugal", "code": "P", "capital": "Lisboa", "province": "Lisboa", "area": 92080, "population": 10561614}, "othername": "Santar\u00e9m", "_id": {"$oid": "61a85739e4eb8ed840b2fb50"}}
{"province": {"_id": {"$oid": "61a8563fc8396dfd609ff038"}, "name": "Afyonkarahisar", "country": {"_id": {"$oid": "61a853fc9abb2b800db796d1"}, "name": "Turkey", "code": "TR", "capital": "Ankara", "province": "Ankara", "area": 780580, "population": 75627384}, "population": 703948, "area": 14718, "capital": "Afyonkarahisar", "capprov": "Afyonkarahisar"}, "country": {"_id": {"$oid": "61a853fc9abb2b800db796d1"}, "name": "Turkey", "code": "TR", "capital": "Ankara", "province": "Ankara", "area": 780580, "population": 75627384}, "othername": "Afyon", "_id": {"$oid": "61a85739e4eb8ed840b2fb51"}}
{"province": {"_id": {"$oid": "61a8563fc8396dfd609ff08a"}, "name": "Yerushalayim", "country": {"_id": {"$oid": "61a853fc9abb2b800db796d5"}, "name": "Israel", "code": "IL", "capital": "Yerushalayim", "province": "Yerushalayim", "area": 22072, "population": 7420368}, "population": 924100, "area": 653, "capital": "Yerushalayim", "capprov": "Yerushalayim"}, "country": {"_id": {"$oid": "61a853fc9abb2b800db796d5"}, "name": "Israel", "code": "IL", "capital": "Yerushalayim", "province": "Yerushalayim", "area": 22072, "population": 7420368}, "othername": "Jerusalem", "_id": {"$oid": "61a85739e4eb8ed840b2fb52"}}
{"province": {"_id": {"$oid": "61a8563fc8396dfd609ff092"}, "name": "Al Qunaytirah", "country": {"_id": {"$oid": "61a853fc9abb2b800db796d6"}, "name": "Syria", "code": "SYR", "capital": "Dimashq", "province": "Dimashq", "area": 185180, "population": 17070135}, "population": 87000, "area": 1861, "capital": "Al Qunaytirah", "capprov": "Al Qunaytirah"}, "country": {"_id": {"$oid": "61a853fc9abb2b800db796d6"}, "name": "Syria", "code": "SYR", "capital": "Dimashq", "province": "Dimashq", "area": 185180, "population": 17070135}, "othername": "Quneitra", "_id": {"$oid": "61a85739e4eb8ed840b2fb53"}}
{"province": {"_id": {"$oid": "61a8563fc8396dfd609ff096"}, "name": "Dayr az Zawr", "country": {"_id": {"$oid": "61a853fc9abb2b800db796d6"}, "name": "Syria", "code": "SYR", "capital": "Dimashq", "province": "Dimashq", "area": 185180, "population": 17070135}, "population": 1202000, "area": 33060, "capital": "Dayr az Zawr", "capprov": "Dayr az Zawr"}, "country": {"_id": {"$oid": "61a853fc9abb2b800db796d6"}, "name": "Syria", "code": "SYR", "capital": "Dimashq", "province": "Dimashq", "area": 185180, "population": 17070135}, "othername": "Deir ez-Zor", "_id": {"$oid": "61a85739e4eb8ed840b2fb54"}}
{"province": {"_id": {"$oid": "61a8563fc8396dfd609ff097"}, "name": "Dimashq", "country": {"_id": {"$oid": "61a853fc9abb2b800db796d6"}, "name": "Syria", "code": "SYR", "capital": "Dimashq", "province": "Dimashq", "area": 185180, "population": 17070135}, "population": 1733000, "area": 105, "capital": "Dimashq", "capprov": "Dimashq"}, "country": {"_id": {"$oid": "61a853fc9abb2b800db796d6"}, "name": "Syria", "code": "SYR", "capital": "Dimashq", "province": "Dimashq", "area": 185180, "population": 17070135}, "othername": "Damascus", "_id": {"$oid": "61a85739e4eb8ed840b2fb55"}}
{"province": {"_id": {"$oid": "61a8563fc8396dfd609ff099"}, "name": "Hamah", "country": {"_id": {"$oid": "61a853fc9abb2b800db796d6"}, "name": "Syria", "code": "SYR", "capital": "Dimashq", "province": "Dimashq", "area": 185180, "population": 17070135}, "population": 1593000, "area": 8883, "capital": "Hamah", "capprov": "Hamah"}, "country": {"_id": {"$oid": "61a853fc9abb2b800db796d6"}, "name": "Syria", "code": "SYR", "capital": "Dimashq", "province": "Dimashq", "area": 185180, "population": 17070135}, "othername": "Hama", "_id": {"$oid": "61a85739e4eb8ed840b2fb56"}}
{"province": {"_id": {"$oid": "61a8563fc8396dfd609ff09a"}, "name": "Hims", "country": {"_id": {"$oid": "61a853fc9abb2b800db796d6"}, "name": "Syria", "code": "SYR", "capital": "Dimashq", "province": "Dimashq", "area": 185180, "population": 17070135}, "population": 1763000, "area": 42223, "capital": "Hims", "capprov": "Hims"}, "country": {"_id": {"$oid": "61a853fc9abb2b800db796d6"}, "name": "Syria", "code": "SYR", "capital": "Dimashq", "province": "Dimashq", "area": 185180, "population": 17070135}, "othername": "Homs", "_id": {"$oid": "61a85739e4eb8ed840b2fb57"}}
{"province": {"_id": {"$oid": "61a8563fc8396dfd609ff0a0"}, "name": "Al-Baha", "country": {"_id": {"$oid": "61a853fc9abb2b800db796d8"}, "name": "Saudi Arabia", "code": "SA", "capital": "Riyadh", "province": "Al-Riyadh", "area": 1960582, "population": 27136977}, "population": 411888, "area": 9921, "capital": "Al Baha", "capprov": "Al-Baha"}, "country": {"_id": {"$oid": "61a853fc9abb2b800db796d8"}, "name": "Saudi Arabia", "code": "SA", "capital": "Riyadh", "province": "Al-Riyadh", "area": 1960582, "population": 27136977}, "othername": "Al Bahah", "_id": {"$oid": "61a85739e4eb8ed840b2fb58"}}
{"province": {"_id": {"$oid": "61a8563fc8396dfd609ff0a8"}, "name": "Jazan", "country": {"_id": {"$oid": "61a853fc9abb2b800db796d8"}, "name": "Saudi Arabia", "code": "SA", "capital": "Riyadh", "province": "Al-Riyadh", "area": 1960582, "population": 27136977}, "population": 1365110, "area": 11671, "capital": "Jazan", "capprov": "Jazan"}, "country": {"_id": {"$oid": "61a853fc9abb2b800db796d8"}, "name": "Saudi Arabia", "code": "SA", "capital": "Riyadh", "province": "Al-Riyadh", "area": 1960582, "population": 27136977}, "othername": "Jizan", "_id": {"$oid": "61a85739e4eb8ed840b2fb59"}}
{"province": {"_id": {"$oid": "61a8563fc8396dfd609ff0ab"}, "name": "Tabouk", "country": {"_id": {"$oid": "61a853fc9abb2b800db796d8"}, "name": "Saudi Arabia", "code": "SA", "capital": "Riyadh", "province": "Al-Riyadh", "area": 1960582, "population": 27136977}, "population": 791535, "area": 146072, "capital": "Tabouk", "capprov": "Tabouk"}, "country": {"_id": {"$oid": "61a853fc9abb2b800db796d8"}, "name": "Saudi Arabia", "code": "SA", "capital": "Riyadh", "province": "Al-Riyadh", "area": 1960582, "population": 27136977}, "othername": "Tabuk", "_id": {"$oid": "61a85739e4eb8ed840b2fb5a"}}
{"province": {"_id": {"$oid": "61a8563fc8396dfd609fedb8"}, "name": "Basrah", "country": {"_id": {"$oid": "61a853fc9abb2b800db796df"}, "name": "Iraq", "code": "IRQ", "capital": "Baghdad", "province": "Baghdad", "area": 437072, "population": 33330512}, "population": 2531997, "area": 19070, "capital": "Al Basrah", "capprov": "Basrah"}, "country": {"_id": {"$oid": "61a853fc9abb2b800db796df"}, "name": "Iraq", "code": "IRQ", "capital": "Baghdad", "province": "Baghdad", "area": 437072, "population": 33330512}, "othername": "Basra", "_id": {"$oid": "61a85739e4eb8ed840b2fb5b"}}
{"province": {"_id": {"$oid": "61a8563fc8396dfd609fedbb"}, "name": "Kerbela", "country": {"_id": {"$oid": "61a853fc9abb2b800db796df"}, "name": "Iraq", "code": "IRQ", "capital": "Baghdad", "province": "Baghdad", "area": 437072, "population": 33330512}, "population": 1066567, "area": 5034, "capital": "Kerbela", "capprov": "Kerbela"}, "country": {"_id": {"$oid": "61a853fc9abb2b800db796df"}, "name": "Iraq", "code": "IRQ", "capital": "Baghdad", "province": "Baghdad", "area": 437072, "population": 33330512}, "othername": "Karbala", "_id": {"$oid": "61a85739e4eb8ed840b2fb5c"}}
{"province": {"_id": {"$oid": "61a8563fc8396dfd609fedc0"}, "name": "al-Qadisiya", "country": {"_id": {"$oid": "61a853fc9abb2b800db796df"}, "name": "Iraq", "code": "IRQ", "capital": "Baghdad", "province": "Baghdad", "area": 437072, "population": 33330512}, "population": 1134313, "area": 8153, "capital": "Diwaniyah", "capprov": "al-Qadisiya"}, "country": {"_id": {"$oid": "61a853fc9abb2b800db796df"}, "name": "Iraq", "code": "IRQ", "capital": "Baghdad", "province": "Baghdad", "area": 437072, "population": 33330512}, "othername": "Al-Q\u0101disiyyah", "_id": {"$oid": "61a85739e4eb8ed840b2fb5d"}}
{"province": {"_id": {"$oid": "61a8563fc8396dfd609fedc4"}, "name": "Duhouk", "country": {"_id": {"$oid": "61a853fc9abb2b800db796df"}, "name": "Iraq", "code": "IRQ", "capital": "Baghdad", "province": "Baghdad", "area": 437072, "population": 33330512}, "population": 1128745, "area": 6553, "capital": "Duhouk", "capprov": "Duhouk"}, "country": {"_id": {"$oid": "61a853fc9abb2b800db796df"}, "name": "Iraq", "code": "IRQ", "capital": "Baghdad", "province": "Baghdad", "area": 437072, "population": 33330512}, "othername": "Dahuk", "_id": {"$oid": "61a85739e4eb8ed840b2fb5e"}}
{"province": {"_id": {"$oid": "61a8563fc8396dfd609fedca"}, "name": "Kohgiluyeh and Boyer-Ahmad", "country": {"_id": {"$oid": "61a853fc9abb2b800db796e0"}, "name": "Iran", "code": "IR", "capital": "Tehran", "province": "Tehran", "area": 1648000, "population": 79926270}, "population": 713052, "area": 15504, "capital": "Yasuj", "capprov": "Kohgiluyeh and Boyer-Ahmad"}, "country": {"_id": {"$oid": "61a853fc9abb2b800db796e0"}, "name": "Iran", "code": "IR", "capital": "Tehran", "province": "Tehran", "area": 1648000, "population": 79926270}, "othername": "Kohkiluyeh va Boyer Ahmad", "_id": {"$oid": "61a85739e4eb8ed840b2fb5f"}}
{"province": {"_id": {"$oid": "61a8563fc8396dfd609fedcd"}, "name": "Esfahan", "country": {"_id": {"$oid": "61a853fc9abb2b800db796e0"}, "name": "Iran", "code": "IR", "capital": "Tehran", "province": "Tehran", "area": 1648000, "population": 79926270}, "population": 5120850, "area": 107018, "capital": "Esfahan", "capprov": "Esfahan"}, "country": {"_id": {"$oid": "61a853fc9abb2b800db796e0"}, "name": "Iran", "code": "IR", "capital": "Tehran", "province": "Tehran", "area": 1648000, "population": 79926270}, "othername": "Isfahan", "_id": {"$oid": "61a85739e4eb8ed840b2fb60"}}
{"province": {"_id": {"$oid": "61a8563fc8396dfd609fedcf"}, "name": "Gilan", "country": {"_id": {"$oid": "61a853fc9abb2b800db796e0"}, "name": "Iran", "code": "IR", "capital": "Tehran", "province": "Tehran", "area": 1648000, "population": 79926270}, "population": 2530696, "area": 14042, "capital": "Rasht", "capprov": "Gilan"}, "country": {"_id": {"$oid": "61a853fc9abb2b800db796e0"}, "name": "Iran", "code": "IR", "capital": "Tehran", "province": "Tehran", "area": 1648000, "population": 79926270}, "othername": "Gillan", "_id": {"$oid": "61a85739e4eb8ed840b2fb61"}}
{"province": {"_id": {"$oid": "61a8563fc8396dfd609fedd0"}, "name": "Hamedan", "country": {"_id": {"$oid": "61a853fc9abb2b800db796e0"}, "name": "Iran", "code": "IR", "capital": "Tehran", "province": "Tehran", "area": 1648000, "population": 79926270}, "population": 1738234, "area": 19368, "capital": "Hamedan", "capprov": "Hamedan"}, "country": {"_id": {"$oid": "61a853fc9abb2b800db796e0"}, "name": "Iran", "code": "IR", "capital": "Tehran", "province": "Tehran", "area": 1648000, "population": 79926270}, "othername": "Hamadan", "_id": {"$oid": "61a85739e4eb8ed840b2fb62"}}
{"province": {"_id": {"$oid": "61a8563fc8396dfd609fedd6"}, "name": "Kurdestan", "country": {"_id": {"$oid": "61a853fc9abb2b800db796e0"}, "name": "Iran", "code": "IR", "capital": "Tehran", "province": "Tehran", "area": 1648000, "population": 79926270}, "population": 1603011, "area": 29137, "capital": "Sanandaj", "capprov": "Kurdestan"}, "country": {"_id": {"$oid": "61a853fc9abb2b800db796e0"}, "name": "Iran", "code": "IR", "capital": "Tehran", "province": "Tehran", "area": 1648000, "population": 79926270}, "othername": "Kordestan", "_id": {"$oid": "61a85739e4eb8ed840b2fb63"}}
{"province": {"_id": {"$oid": "61a8563fc8396dfd609fedee"}, "name": "Buxoro", "country": {"_id": {"$oid": "61a853fc9abb2b800db796e3"}, "name": "Uzbekistan", "code": "UZ", "capital": "Toshkent", "province": "Toshkent City", "area": 447400, "population": 32120500}, "population": 1843500, "area": 39400, "capital": "Buxoro", "capprov": "Buxoro"}, "country": {"_id": {"$oid": "61a853fc9abb2b800db796e3"}, "name": "Uzbekistan", "code": "UZ", "capital": "Toshkent", "province": "Toshkent City", "area": 447400, "population": 32120500}, "othername": "Bukhara", "_id": {"$oid": "61a85739e4eb8ed840b2fb64"}}
{"province": {"_id": {"$oid": "61a8563fc8396dfd609fedef"}, "name": "Farg\u02bbona", "country": {"_id": {"$oid": "61a853fc9abb2b800db796e3"}, "name": "Uzbekistan", "code": "UZ", "capital": "Toshkent", "province": "Toshkent City", "area": 447400, "population": 32120500}, "population": 3564800, "area": 6800, "capital": "Fargona", "capprov": "Farg\u02bbona"}, "country": {"_id": {"$oid": "61a853fc9abb2b800db796e3"}, "name": "Uzbekistan", "code": "UZ", "capital": "Toshkent", "province": "Toshkent City", "area": 447400, "population": 32120500}, "othername": "Fergana", "_id": {"$oid": "61a85739e4eb8ed840b2fb65"}}
{"province": {"_id": {"$oid": "61a8563fc8396dfd609fedf5"}, "name": "Samarqand", "country": {"_id": {"$oid": "61a853fc9abb2b800db796e3"}, "name": "Uzbekistan", "code": "UZ", "capital": "Toshkent", "province": "Toshkent City", "area": 447400, "population": 32120500}, "population": 3651700, "area": 16400, "capital": "Samarqand", "capprov": "Samarqand"}, "country": {"_id": {"$oid": "61a853fc9abb2b800db796e3"}, "name": "Uzbekistan", "code": "UZ", "capital": "Toshkent", "province": "Toshkent City", "area": 447400, "population": 32120500}, "othername": "Samarkand", "_id": {"$oid": "61a85739e4eb8ed840b2fb66"}}
{"province": {"_id": {"$oid": "61a8563fc8396dfd609fedf7"}, "name": "Surkhandarya", "country": {"_id": {"$oid": "61a853fc9abb2b800db796e3"}, "name": "Uzbekistan", "code": "UZ", "capital": "Toshkent", "province": "Toshkent City", "area": 447400, "population": 32120500}, "population": 2462300, "area": 20800, "capital": "Termiz", "capprov": "Surkhandarya"}, "country": {"_id": {"$oid": "61a853fc9abb2b800db796e3"}, "name": "Uzbekistan", "code": "UZ", "capital": "Toshkent", "province": "Toshkent City", "area": 447400, "population": 32120500}, "othername": "Surxondaryo", "_id": {"$oid": "61a85739e4eb8ed840b2fb67"}}
{"province": {"_id": {"$oid": "61a8563fc8396dfd609fedf8"}, "name": "Toshkent", "country": {"_id": {"$oid": "61a853fc9abb2b800db796e3"}, "name": "Uzbekistan", "code": "UZ", "capital": "Toshkent", "province": "Toshkent City", "area": 447400, "population": 32120500}, "population": 2829300, "area": 15000, "capital": "Toshkent", "capprov": "Toshkent City"}, "country": {"_id": {"$oid": "61a853fc9abb2b800db796e3"}, "name": "Uzbekistan", "code": "UZ", "capital": "Toshkent", "province": "Toshkent City", "area": 447400, "population": 32120500}, "othername": "Tashkent", "_id": {"$oid": "61a85739e4eb8ed840b2fb68"}}
{"province": {"_id": {"$oid": "61a8563fc8396dfd609fedfa"}, "name": "Toshkent City", "country": {"_id": {"$oid": "61a853fc9abb2b800db796e3"}, "name": "Uzbekistan", "code": "UZ", "capital": "Toshkent", "province": "Toshkent City", "area": 447400, "population": 32120500}, "population": 2424100, "area": 300, "capital": "Toshkent", "capprov": "Toshkent City"}, "country": {"_id": {"$oid": "61a853fc9abb2b800db796e3"}, "name": "Uzbekistan", "code": "UZ", "capital": "Toshkent", "province": "Toshkent City", "area": 447400, "population": 32120500}, "othername": "Tashkent City", "_id": {"$oid": "61a85739e4eb8ed840b2fb69"}}
{"province": {"_id": {"$oid": "61a8563fc8396dfd609fee03"}, "name": "Akmola", "country": {"_id": {"$oid": "61a853fc9abb2b800db796e6"}, "name": "Kazakhstan", "code": "KZ", "capital": "Nur-Sultan", "province": "Astana", "area": 2717300, "population": 17165239}, "population": 735640, "area": 146219, "capital": "Koksetau", "capprov": "Akmola"}, "country": {"_id": {"$oid": "61a853fc9abb2b800db796e6"}, "name": "Kazakhstan", "code": "KZ", "capital": "Nur-Sultan", "province": "Astana", "area": 2717300, "population": 17165239}, "othername": "Aqmola", "_id": {"$oid": "61a85739e4eb8ed840b2fb6a"}}
{"province": {"_id": {"$oid": "61a8563fc8396dfd609fee0a"}, "name": "Karaganda", "country": {"_id": {"$oid": "61a853fc9abb2b800db796e6"}, "name": "Kazakhstan", "code": "KZ", "capital": "Nur-Sultan", "province": "Astana", "area": 2717300, "population": 17165239}, "population": 1369839, "area": 427982, "capital": "Karaganda", "capprov": "Karaganda"}, "country": {"_id": {"$oid": "61a853fc9abb2b800db796e6"}, "name": "Kazakhstan", "code": "KZ", "capital": "Nur-Sultan", "province": "Astana", "area": 2717300, "population": 17165239}, "othername": "Karagandy", "_id": {"$oid": "61a85739e4eb8ed840b2fb6b"}}
{"province": {"_id": {"$oid": "61a8563fc8396dfd609fee0b"}, "name": "Kostanai", "country": {"_id": {"$oid": "61a853fc9abb2b800db796e6"}, "name": "Kazakhstan", "code": "KZ", "capital": "Nur-Sultan", "province": "Astana", "area": 2717300, "population": 17165239}, "population": 880889, "area": 196001, "capital": "Kustanay", "capprov": "Kostanai"}, "country": {"_id": {"$oid": "61a853fc9abb2b800db796e6"}, "name": "Kazakhstan", "code": "KZ", "capital": "Nur-Sultan", "province": "Astana", "area": 2717300, "population": 17165239}, "othername": "Kustanay", "_id": {"$oid": "61a85739e4eb8ed840b2fb6c"}}
{"province": {"_id": {"$oid": "61a8563fc8396dfd609fee0b"}, "name": "Kostanai", "country": {"_id": {"$oid": "61a853fc9abb2b800db796e6"}, "name": "Kazakhstan", "code": "KZ", "capital": "Nur-Sultan", "province": "Astana", "area": 2717300, "population": 17165239}, "population": 880889, "area": 196001, "capital": "Kustanay", "capprov": "Kostanai"}, "country": {"_id": {"$oid": "61a853fc9abb2b800db796e6"}, "name": "Kazakhstan", "code": "KZ", "capital": "Nur-Sultan", "province": "Astana", "area": 2717300, "population": 17165239}, "othername": "Kostanay", "_id": {"$oid": "61a85739e4eb8ed840b2fb6d"}}
{"province": {"_id": {"$oid": "61a8563fc8396dfd609fee4b"}, "name": "Magwe", "country": {"_id": {"$oid": "61a853fc9abb2b800db796ee"}, "name": "Myanmar", "code": "MYA", "capital": "Nay Pyi Taw", "province": "Nay Pyi Taw", "area": 678500, "population": 51419420}, "population": 3912711, "area": 44820, "capital": "Magwe", "capprov": "Magwe"}, "country": {"_id": {"$oid": "61a853fc9abb2b800db796ee"}, "name": "Myanmar", "code": "MYA", "capital": "Nay Pyi Taw", "province": "Nay Pyi Taw", "area": 678500, "population": 51419420}, "othername": "Magway", "_id": {"$oid": "61a85739e4eb8ed840b2fb6e"}}
{"province": {"_id": {"$oid": "61a8563fc8396dfd609fee4e"}, "name": "Yangon", "country": {"_id": {"$oid": "61a853fc9abb2b800db796ee"}, "name": "Myanmar", "code": "MYA", "capital": "Nay Pyi Taw", "province": "Nay Pyi Taw", "area": 678500, "population": 51419420}, "population": 7355075, "area": 10276, "capital": "Yangon", "capprov": "Yangon"}, "country": {"_id": {"$oid": "61a853fc9abb2b800db796ee"}, "name": "Myanmar", "code": "MYA", "capital": "Nay Pyi Taw", "province": "Nay Pyi Taw", "area": 678500, "population": 51419420}, "othername": "Rangoon", "_id": {"$oid": "61a85739e4eb8ed840b2fb6f"}}
{"province": {"_id": {"$oid": "61a8563fc8396dfd609ff12b"}, "name": "Rakhine", "country": {"_id": {"$oid": "61a853fc9abb2b800db796ee"}, "name": "Myanmar", "code": "MYA", "capital": "Nay Pyi Taw", "province": "Nay Pyi Taw", "area": 678500, "population": 51419420}, "population": 3188963, "area": 36778, "capital": "Sittwe", "capprov": "Rakhine"}, "country": {"_id": {"$oid": "61a853fc9abb2b800db796ee"}, "name": "Myanmar", "code": "MYA", "capital": "Nay Pyi Taw", "province": "Nay Pyi Taw", "area": 678500, "population": 51419420}, "othername": "Arakan", "_id": {"$oid": "61a85739e4eb8ed840b2fb70"}}
{"province": {"_id": {"$oid": "61a8563fc8396dfd609ff15c"}, "name": "Gumma", "country": {"_id": {"$oid": "61a853fc9abb2b800db796f6"}, "name": "Japan", "code": "J", "capital": "Tokyo", "province": "Tokyo", "area": 377835, "population": 127094745}, "population": 1973115, "area": 6362, "capital": "Maebashi", "capprov": "Gumma"}, "country": {"_id": {"$oid": "61a853fc9abb2b800db796f6"}, "name": "Japan", "code": "J", "capital": "Tokyo", "province": "Tokyo", "area": 377835, "population": 127094745}, "othername": "Gunma", "_id": {"$oid": "61a85739e4eb8ed840b2fb71"}}
{"province": {"_id": {"$oid": "61a85640c8396dfd609ff27a"}, "name": "Al-Ba\u1e25r al-A\u1e25mar", "country": {"_id": {"$oid": "61a853fc9abb2b800db79732"}, "name": "Sudan", "code": "SUD", "capital": "Khartoum", "province": "Al-Khar\u1e6d\u016bm", "area": 1840687, "population": 40782700}, "population": 1447800, "area": 218887, "capital": "Port Sudan", "capprov": "Al-Ba\u1e25r al-A\u1e25mar"}, "country": {"_id": {"$oid": "61a853fc9abb2b800db79732"}, "name": "Sudan", "code": "SUD", "capital": "Khartoum", "province": "Al-Khar\u1e6d\u016bm", "area": 1840687, "population": 40782700}, "othername": "Red Sea", "_id": {"$oid": "61a85739e4eb8ed840b2fb72"}}
{"province": {"_id": {"$oid": "61a85640c8396dfd609ff27b"}, "name": "Al-Jaz\u012brah", "country": {"_id": {"$oid": "61a853fc9abb2b800db79732"}, "name": "Sudan", "code": "SUD", "capital": "Khartoum", "province": "Al-Khar\u1e6d\u016bm", "area": 1840687, "population": 40782700}, "population": 4926600, "area": 23373, "capital": "Al Gazira", "capprov": "Al-Jaz\u012brah"}, "country": {"_id": {"$oid": "61a853fc9abb2b800db79732"}, "name": "Sudan", "code": "SUD", "capital": "Khartoum", "province": "Al-Khar\u1e6d\u016bm", "area": 1840687, "population": 40782700}, "othername": "Al Gezira", "_id": {"$oid": "61a85739e4eb8ed840b2fb73"}}
{"province": {"_id": {"$oid": "61a85640c8396dfd609ff27c"}, "name": "Al-Khar\u1e6d\u016bm", "country": {"_id": {"$oid": "61a853fc9abb2b800db79732"}, "name": "Sudan", "code": "SUD", "capital": "Khartoum", "province": "Al-Khar\u1e6d\u016bm", "area": 1840687, "population": 40782700}, "population": 7687500, "area": 22142, "capital": "Khartoum", "capprov": "Al-Khar\u1e6d\u016bm"}, "country": {"_id": {"$oid": "61a853fc9abb2b800db79732"}, "name": "Sudan", "code": "SUD", "capital": "Khartoum", "province": "Al-Khar\u1e6d\u016bm", "area": 1840687, "population": 40782700}, "othername": "Khartoum", "_id": {"$oid": "61a85739e4eb8ed840b2fb74"}}
{"province": {"_id": {"$oid": "61a85640c8396dfd609ff27d"}, "name": "Al-Qa\u1e0d\u0101rif", "country": {"_id": {"$oid": "61a853fc9abb2b800db79732"}, "name": "Sudan", "code": "SUD", "capital": "Khartoum", "province": "Al-Khar\u1e6d\u016bm", "area": 1840687, "population": 40782700}, "population": 2108500, "area": 75263, "capital": "Al Gedaref", "capprov": "Al-Qa\u1e0d\u0101rif"}, "country": {"_id": {"$oid": "61a853fc9abb2b800db79732"}, "name": "Sudan", "code": "SUD", "capital": "Khartoum", "province": "Al-Khar\u1e6d\u016bm", "area": 1840687, "population": 40782700}, "othername": "Gadaref", "_id": {"$oid": "61a85739e4eb8ed840b2fb75"}}
{"province": {"_id": {"$oid": "61a85640c8396dfd609ff27e"}, "name": "An-N\u012bl al-Abya\u1e0d", "country": {"_id": {"$oid": "61a853fc9abb2b800db79732"}, "name": "Sudan", "code": "SUD", "capital": "Khartoum", "province": "Al-Khar\u1e6d\u016bm", "area": 1840687, "population": 40782700}, "population": 2410300, "area": 30411, "capital": "Rabak", "capprov": "An-N\u012bl al-Abya\u1e0d"}, "country": {"_id": {"$oid": "61a853fc9abb2b800db79732"}, "name": "Sudan", "code": "SUD", "capital": "Khartoum", "province": "Al-Khar\u1e6d\u016bm", "area": 1840687, "population": 40782700}, "othername": "White Nile", "_id": {"$oid": "61a85739e4eb8ed840b2fb76"}}
{"province": {"_id": {"$oid": "61a85640c8396dfd609ff27f"}, "name": "An-N\u012bl al-Azraq", "country": {"_id": {"$oid": "61a853fc9abb2b800db79732"}, "name": "Sudan", "code": "SUD", "capital": "Khartoum", "province": "Al-Khar\u1e6d\u016bm", "area": 1840687, "population": 40782700}, "population": 1080700, "area": 45844, "capital": "Ad-Damaz\u012bn", "capprov": "An-N\u012bl al-Azraq"}, "country": {"_id": {"$oid": "61a853fc9abb2b800db79732"}, "name": "Sudan", "code": "SUD", "capital": "Khartoum", "province": "Al-Khar\u1e6d\u016bm", "area": 1840687, "population": 40782700}, "othername": "Blue Nile", "_id": {"$oid": "61a85739e4eb8ed840b2fb77"}}
{"province": {"_id": {"$oid": "61a85640c8396dfd609ff280"}, "name": "Ash-Sham\u0101l\u012byah", "country": {"_id": {"$oid": "61a853fc9abb2b800db79732"}, "name": "Sudan", "code": "SUD", "capital": "Khartoum", "province": "Al-Khar\u1e6d\u016bm", "area": 1840687, "population": 40782700}, "population": 913500, "area": 348765, "capital": "Dunqul\u0101", "capprov": "Ash-Sham\u0101l\u012byah"}, "country": {"_id": {"$oid": "61a853fc9abb2b800db79732"}, "name": "Sudan", "code": "SUD", "capital": "Khartoum", "province": "Al-Khar\u1e6d\u016bm", "area": 1840687, "population": 40782700}, "othername": "Northern", "_id": {"$oid": "61a85739e4eb8ed840b2fb78"}}
{"province": {"_id": {"$oid": "61a85640c8396dfd609ff281"}, "name": "Gharb al-D\u0101rf\u016br", "country": {"_id": {"$oid": "61a853fc9abb2b800db79732"}, "name": "Sudan", "code": "SUD", "capital": "Khartoum", "province": "Al-Khar\u1e6d\u016bm", "area": 1840687, "population": 40782700}, "population": 995200, "area": 23000, "capital": "Al-Junaynah", "capprov": "Gharb al-D\u0101rf\u016br"}, "country": {"_id": {"$oid": "61a853fc9abb2b800db79732"}, "name": "Sudan", "code": "SUD", "capital": "Khartoum", "province": "Al-Khar\u1e6d\u016bm", "area": 1840687, "population": 40782700}, "othername": "West Darfur", "_id": {"$oid": "61a85739e4eb8ed840b2fb79"}}
{"province": {"_id": {"$oid": "61a85640c8396dfd609ff282"}, "name": "Gharb Kurduf\u0101n", "country": {"_id": {"$oid": "61a853fc9abb2b800db79732"}, "name": "Sudan", "code": "SUD", "capital": "Khartoum", "province": "Al-Khar\u1e6d\u016bm", "area": 1840687, "population": 40782700}, "population": 1737700, "area": 111373, "capital": "Al-F\u016blah", "capprov": "Gharb Kurduf\u0101n"}, "country": {"_id": {"$oid": "61a853fc9abb2b800db79732"}, "name": "Sudan", "code": "SUD", "capital": "Khartoum", "province": "Al-Khar\u1e6d\u016bm", "area": 1840687, "population": 40782700}, "othername": "West Kordofan", "_id": {"$oid": "61a85739e4eb8ed840b2fb7a"}}
{"province": {"_id": {"$oid": "61a85640c8396dfd609ff283"}, "name": "Jan\u016bb D\u0101rf\u016br", "country": {"_id": {"$oid": "61a853fc9abb2b800db79732"}, "name": "Sudan", "code": "SUD", "capital": "Khartoum", "province": "Al-Khar\u1e6d\u016bm", "area": 1840687, "population": 40782700}, "population": 3672400, "area": 72000, "capital": "Nyala", "capprov": "Jan\u016bb D\u0101rf\u016br"}, "country": {"_id": {"$oid": "61a853fc9abb2b800db79732"}, "name": "Sudan", "code": "SUD", "capital": "Khartoum", "province": "Al-Khar\u1e6d\u016bm", "area": 1840687, "population": 40782700}, "othername": "South Darfur", "_id": {"$oid": "61a85739e4eb8ed840b2fb7b"}}
{"province": {"_id": {"$oid": "61a85640c8396dfd609ff284"}, "name": "Jan\u016bb Kurduf\u0101n", "country": {"_id": {"$oid": "61a853fc9abb2b800db79732"}, "name": "Sudan", "code": "SUD", "capital": "Khartoum", "province": "Al-Khar\u1e6d\u016bm", "area": 1840687, "population": 40782700}, "population": 1263400, "area": 79470, "capital": "K\u0101duql\u012b", "capprov": "Jan\u016bb Kurduf\u0101n"}, "country": {"_id": {"$oid": "61a853fc9abb2b800db79732"}, "name": "Sudan", "code": "SUD", "capital": "Khartoum", "province": "Al-Khar\u1e6d\u016bm", "area": 1840687, "population": 40782700}, "othername": "South Kordofan", "_id": {"$oid": "61a85739e4eb8ed840b2fb7c"}}
{"province": {"_id": {"$oid": "61a85640c8396dfd609ff286"}, "name": "Nahr an-N\u012bl", "country": {"_id": {"$oid": "61a853fc9abb2b800db79732"}, "name": "Sudan", "code": "SUD", "capital": "Khartoum", "province": "Al-Khar\u1e6d\u016bm", "area": 1840687, "population": 40782700}, "population": 1472300, "area": 122123, "capital": "Ad-D\u0101mir", "capprov": "Nahr an-N\u012bl"}, "country": {"_id": {"$oid": "61a853fc9abb2b800db79732"}, "name": "Sudan", "code": "SUD", "capital": "Khartoum", "province": "Al-Khar\u1e6d\u016bm", "area": 1840687, "population": 40782700}, "othername": "River Nile", "_id": {"$oid": "61a85739e4eb8ed840b2fb7d"}}
{"province": {"_id": {"$oid": "61a85640c8396dfd609ff287"}, "name": "Sann\u0101r", "country": {"_id": {"$oid": "61a853fc9abb2b800db79732"}, "name": "Sudan", "code": "SUD", "capital": "Khartoum", "province": "Al-Khar\u1e6d\u016bm", "area": 1840687, "population": 40782700}, "population": 1847500, "area": 37844, "capital": "Sann\u0101r", "capprov": "Sann\u0101r"}, "country": {"_id": {"$oid": "61a853fc9abb2b800db79732"}, "name": "Sudan", "code": "SUD", "capital": "Khartoum", "province": "Al-Khar\u1e6d\u016bm", "area": 1840687, "population": 40782700}, "othername": "Sennar", "_id": {"$oid": "61a85739e4eb8ed840b2fb7e"}}
{"province": {"_id": {"$oid": "61a85640c8396dfd609ff288"}, "name": "Sham\u0101l D\u0101rf\u016br", "country": {"_id": {"$oid": "61a853fc9abb2b800db79732"}, "name": "Sudan", "code": "SUD", "capital": "Khartoum", "province": "Al-Khar\u1e6d\u016bm", "area": 1840687, "population": 40782700}, "population": 2296100, "area": 320000, "capital": "Al Fashir", "capprov": "Sham\u0101l D\u0101rf\u016br"}, "country": {"_id": {"$oid": "61a853fc9abb2b800db79732"}, "name": "Sudan", "code": "SUD", "capital": "Khartoum", "province": "Al-Khar\u1e6d\u016bm", "area": 1840687, "population": 40782700}, "othername": "North Darfur", "_id": {"$oid": "61a85739e4eb8ed840b2fb7f"}}
{"province": {"_id": {"$oid": "61a85640c8396dfd609ff289"}, "name": "Sham\u0101l Kurduf\u0101n", "country": {"_id": {"$oid": "61a853fc9abb2b800db79732"}, "name": "Sudan", "code": "SUD", "capital": "Khartoum", "province": "Al-Khar\u1e6d\u016bm", "area": 1840687, "population": 40782700}, "population": 2206800, "area": 185302, "capital": "Al Ubayyi\u1e11", "capprov": "Sham\u0101l Kurduf\u0101n"}, "country": {"_id": {"$oid": "61a853fc9abb2b800db79732"}, "name": "Sudan", "code": "SUD", "capital": "Khartoum", "province": "Al-Khar\u1e6d\u016bm", "area": 1840687, "population": 40782700}, "othername": "North Kordofan", "_id": {"$oid": "61a85739e4eb8ed840b2fb80"}}
{"province": {"_id": {"$oid": "61a85640c8396dfd609ff28a"}, "name": "Sharq D\u0101rf\u016br", "country": {"_id": {"$oid": "61a853fc9abb2b800db79732"}, "name": "Sudan", "code": "SUD", "capital": "Khartoum", "province": "Al-Khar\u1e6d\u016bm", "area": 1840687, "population": 40782700}, "population": 1547800, "area": 55000, "capital": "A\u1e0d-\u1e0cuayn", "capprov": "Sharq D\u0101rf\u016br"}, "country": {"_id": {"$oid": "61a853fc9abb2b800db79732"}, "name": "Sudan", "code": "SUD", "capital": "Khartoum", "province": "Al-Khar\u1e6d\u016bm", "area": 1840687, "population": 40782700}, "othername": "East Darfur", "_id": {"$oid": "61a85739e4eb8ed840b2fb81"}}
{"province": {"_id": {"$oid": "61a85640c8396dfd609ff28b"}, "name": "Wasa\u1e6d D\u0101rf\u016br", "country": {"_id": {"$oid": "61a853fc9abb2b800db79732"}, "name": "Sudan", "code": "SUD", "capital": "Khartoum", "province": "Al-Khar\u1e6d\u016bm", "area": 1840687, "population": 40782700}, "population": 729900, "area": 34000, "capital": "Z\u0101lingay", "capprov": "Wasa\u1e6d D\u0101rf\u016br"}, "country": {"_id": {"$oid": "61a853fc9abb2b800db79732"}, "name": "Sudan", "code": "SUD", "capital": "Khartoum", "province": "Al-Khar\u1e6d\u016bm", "area": 1840687, "population": 40782700}, "othername": "Central Darfur", "_id": {"$oid": "61a85739e4eb8ed840b2fb82"}}
{"province": {"_id": {"$oid": "61a85640c8396dfd609ff2a8"}, "name": "Kongo Central", "country": {"_id": {"$oid": "61a853fc9abb2b800db79739"}, "name": "Congo, Dem.Rep.", "code": "CGO", "capital": "Kinshasa", "province": "Kinshasa", "area": 2345410, "population": 86026000}, "population": 5575000, "area": 53920, "capital": "Matadi", "capprov": "Kongo Central"}, "country": {"_id": {"$oid": "61a853fc9abb2b800db79739"}, "name": "Congo, Dem.Rep.", "code": "CGO", "capital": "Kinshasa", "province": "Kinshasa", "area": 2345410, "population": 86026000}, "othername": "Bas-Congo", "_id": {"$oid": "61a85739e4eb8ed840b2fb83"}}
{"province": {"_id": {"$oid": "61a85640c8396dfd609ff31e"}, "name": "Afar", "country": {"_id": {"$oid": "61a853fc9abb2b800db7974b"}, "name": "Ethiopia", "code": "ETH", "capital": "Addis Ababa", "province": "Addis Ababa", "area": 1127127, "population": 84320987}, "population": 1602995, "area": 72052, "capital": "Aysaita", "capprov": "Afar"}, "country": {"_id": {"$oid": "61a853fc9abb2b800db7974b"}, "name": "Ethiopia", "code": "ETH", "capital": "Addis Ababa", "province": "Addis Ababa", "area": 1127127, "population": 84320987}, "othername": "Affar", "_id": {"$oid": "61a85739e4eb8ed840b2fb84"}}
{"province": {"_id": {"$oid": "61a85640c8396dfd609ff322"}, "name": "Gambella", "country": {"_id": {"$oid": "61a853fc9abb2b800db7974b"}, "name": "Ethiopia", "code": "ETH", "capital": "Addis Ababa", "province": "Addis Ababa", "area": 1127127, "population": 84320987}, "population": 385997, "area": 29782, "capital": "Gambella", "capprov": "Gambella"}, "country": {"_id": {"$oid": "61a853fc9abb2b800db7974b"}, "name": "Ethiopia", "code": "ETH", "capital": "Addis Ababa", "province": "Addis Ababa", "area": 1127127, "population": 84320987}, "othername": "Gambela", "_id": {"$oid": "61a85739e4eb8ed840b2fb85"}}
{"province": {"_id": {"$oid": "61a85640c8396dfd609ff37d"}, "name": "Durango", "country": {"_id": {"$oid": "61a853fc9abb2b800db7975b"}, "name": "Mexico", "code": "MEX", "capital": "Ciudad de M\u00e9xico", "province": "Distrito Federal", "area": 1972550, "population": 112336538}, "population": 1632934, "area": 123451, "capital": "Durango", "capprov": "Durango"}, "country": {"_id": {"$oid": "61a853fc9abb2b800db7975b"}, "name": "Mexico", "code": "MEX", "capital": "Ciudad de M\u00e9xico", "province": "Distrito Federal", "area": 1972550, "population": 112336538}, "othername": "Victoria de Durango", "_id": {"$oid": "61a85739e4eb8ed840b2fb86"}}
{"province": {"_id": {"$oid": "61a85640c8396dfd609ff382"}, "name": "M\u00e9xico, Estado de", "country": {"_id": {"$oid": "61a853fc9abb2b800db7975b"}, "name": "Mexico", "code": "MEX", "capital": "Ciudad de M\u00e9xico", "province": "Distrito Federal", "area": 1972550, "population": 112336538}, "population": 15175862, "area": 22356, "capital": "Toluca", "capprov": "M\u00e9xico, Estado de"}, "country": {"_id": {"$oid": "61a853fc9abb2b800db7975b"}, "name": "Mexico", "code": "MEX", "capital": "Ciudad de M\u00e9xico", "province": "Distrito Federal", "area": 1972550, "population": 112336538}, "othername": "Estado de Mexico", "_id": {"$oid": "61a85739e4eb8ed840b2fb87"}}
{"province": {"_id": {"$oid": "61a85640c8396dfd609ff41d"}, "name": "San Andr\u00e9s, Providencia y Santa Catalina", "country": {"_id": {"$oid": "61a853fc9abb2b800db79783"}, "name": "Colombia", "code": "CO", "capital": "Bogot\u00e1", "province": "Santa Fe de Bogot\u00e1", "area": 1138910, "population": 47661787}, "population": 75801, "area": 44, "capital": "San Andres", "capprov": "San Andr\u00e9s, Providencia y Santa Catalina"}, "country": {"_id": {"$oid": "61a853fc9abb2b800db79783"}, "name": "Colombia", "code": "CO", "capital": "Bogot\u00e1", "province": "Santa Fe de Bogot\u00e1", "area": 1138910, "population": 47661787}, "othername": "San Andres y Providencia", "_id": {"$oid": "61a85739e4eb8ed840b2fb88"}}
